No,Kabupaten_Kota,Provinsi,Tahun,Skor_PPH
1,Kabupaten Simeulue,Aceh,2021,57.7
2,Kabupaten Aceh Singkil,Aceh,2021,81.8
3,Kabupaten Aceh Selatan,Aceh,2021,70.7
4,Kabupaten Aceh Tenggara,Aceh,2021,75.3
5,Kabupaten Aceh Timur,Aceh,2021,69.3
6,Kabupaten Aceh Tengah,Aceh,2021,85.9
7,Kabupaten Aceh Barat,Aceh,2021,88.9
8,Kabupaten Aceh Besar,Aceh,2021,74.7
9,Kabupaten Pidie,Aceh,2021,69.2
10,Kabupaten Bireuen,Aceh,2021,80.6
11,Kabupaten Aceh Utara,Aceh,2021,65
12,Kabupaten Aceh Barat Daya,Aceh,2021,68.1
13,Kabupaten Gayo Lues,Aceh,2021,90.6
14,Kabupaten Aceh Tamiang,Aceh,2021,76.8
15,Kabupaten Nagan Raya,Aceh,2021,86.7
16,Kabupaten Aceh Jaya,Aceh,2021,80.7
17,Kabupaten Bener Meriah,Aceh,2021,82.2
18,Kabupaten Pidie Jaya,Aceh,2021,79.4
19,Kota Banda Aceh,Aceh,2021,79.5
20,Kota Sabang,Aceh,2021,79.6
21,Kota Langsa,Aceh,2021,83.2
22,Kota Lhokseumawe,Aceh,2021,81.6
23,Kota Subulussalam,Aceh,2021,74.8
24,Kabupaten Nias,Sumatera Utara,2021,76.5
25,Kabupaten Mandailing Natal,Sumatera Utara,2021,73.8
26,Kabupaten Tapanuli Selatan,Sumatera Utara,2021,79.4
27,Kabupaten Tapanuli Tengah,Sumatera Utara,2021,77.9
28,Kabupaten Tapanuli Utara,Sumatera Utara,2021,83.5
29,Kabupaten Toba Samosir,Sumatera Utara,2021,89.8
30,Kabupaten Labuhan Batu,Sumatera Utara,2021,71.3
31,Kabupaten Asahan,Sumatera Utara,2021,82.7
32,Kabupaten Simalungun,Sumatera Utara,2021,87.3
33,Kabupaten Dairi,Sumatera Utara,2021,81.1
34,Kabupaten Karo,Sumatera Utara,2021,87
35,Kabupaten Deli Serdang,Sumatera Utara,2021,88.1
36,Kabupaten Langkat,Sumatera Utara,2021,82.9
37,Kabupaten Nias Selatan,Sumatera Utara,2021,69.1
38,Kabupaten Humbang Hasundutan,Sumatera Utara,2021,85.8
39,Kabupaten Pakpak Bharat,Sumatera Utara,2021,83
40,Kabupaten Samosir,Sumatera Utara,2021,86.7
41,Kabupaten Serdang Bedagai,Sumatera Utara,2021,84.1
42,Kabupaten Batu Bara,Sumatera Utara,2021,84.1
43,Kabupaten Padang Lawas Utara,Sumatera Utara,2021,74.9
44,Kabupaten Padang Lawas,Sumatera Utara,2021,76.7
45,Kabupaten Labuhan Batu Selatan,Sumatera Utara,2021,85.5
46,Kabupaten Labuhan Batu Utara,Sumatera Utara,2021,82.6
47,Kabupaten Nias Utara,Sumatera Utara,2021,67.7
48,Kabupaten Nias Barat,Sumatera Utara,2021,67.6
49,Kota Sibolga,Sumatera Utara,2021,75.8
50,Kota Tanjung Balai,Sumatera Utara,2021,82.6
51,Kota Pematang Siantar,Sumatera Utara,2021,89
52,Kota Tebing Tinggi,Sumatera Utara,2021,91.8
53,Kota Medan,Sumatera Utara,2021,87.9
54,Kota Binjai,Sumatera Utara,2021,84
55,Kota Padangsidimpuan,Sumatera Utara,2021,87.4
56,Kota Gunungsitoli,Sumatera Utara,2021,76
57,Kabupaten Kepulauan Mentawai,Sumatera Barat,2021,84.9
58,Kabupaten Pesisir Selatan,Sumatera Barat,2021,80.4
59,Kabupaten Solok ka,Sumatera Barat,2021,78.6
60,Kabupaten Sijunjung,Sumatera Barat,2021,82
61,Kabupaten Tanah Datar,Sumatera Barat,2021,82.9
62,Kabupaten Padang Pariaman,Sumatera Barat,2021,79.1
63,Kabupaten Agam,Sumatera Barat,2021,77.7
64,Kabupaten Lima puluh Kota,Sumatera Barat,2021,81.2
65,Kabupaten Pasaman,Sumatera Barat,2021,78.8
66,Kabupaten Solok Selatan,Sumatera Barat,2021,82.6
67,Kabupaten Dharmasraya,Sumatera Barat,2021,87.8
68,Kabupaten Pasaman Barat,Sumatera Barat,2021,77.9
69,Kota Padang,Sumatera Barat,2021,84.1
70,Kota Solok ko,Sumatera Barat,2021,83.8
71,Kota Sawah Lunto,Sumatera Barat,2021,84.6
72,Kota Padang Panjang,Sumatera Barat,2021,79.4
73,Kota Bukittinggi,Sumatera Barat,2021,82.3
74,Kota Payakumbuh,Sumatera Barat,2021,82
75,Kota Pariaman,Sumatera Barat,2021,86.8
76,Kabupaten Kuantan Singingi,Riau,2021,84.1
77,Kabupaten Indragiri Hulu,Riau,2021,84.2
78,Kabupaten Indragiri Hilir,Riau,2021,81
79,Kabupaten Pelalawan,Riau,2021,84.6
80,Kabupaten Siak,Riau,2021,85.4
81,Kabupaten Kampar,Riau,2021,85.5
82,Kabupaten Rokan Hulu,Riau,2021,81.9
83,Kabupaten Bengkalis,Riau,2021,83
84,Kabupaten Rokan Hilir,Riau,2021,84.9
85,Kabupaten Kepulauan Meranti,Riau,2021,77.7
86,Kota Pekanbaru,Riau,2021,81.8
87,Kota Dumai,Riau,2021,82.9
88,Kabupaten Kerinci,Jambi,2021,69.4
89,Kabupaten Merangin,Jambi,2021,71.4
90,Kabupaten Sarolangun,Jambi,2021,77.7
91,Kabupaten Batang Hari,Jambi,2021,84.4
92,Kabupaten Muaro Jambi,Jambi,2021,85.5
93,Kabupaten Tanjung Jabung Timur,Jambi,2021,73.7
94,Kabupaten Tanjung Jabung Barat,Jambi,2021,71.8
95,Kabupaten Tebo,Jambi,2021,83.5
96,Kabupaten Bungo,Jambi,2021,68.9
97,Kota Jambi,Jambi,2021,78.9
98,Kota Sungai Penuh,Jambi,2021,84.1
99,Kabupaten Ogan Komering Ulu,Sumatera Selatan,2021,85.2
100,Kabupaten Ogan Komering Ilir,Sumatera Selatan,2021,93.5
101,Kabupaten Muara Enim,Sumatera Selatan,2021,81.2
102,Kabupaten Lahat,Sumatera Selatan,2021,84.1
103,Kabupaten Musi Rawas,Sumatera Selatan,2021,86.5
104,Kabupaten Musi Banyuasin,Sumatera Selatan,2021,87.2
105,Kabupaten Banyuasin,Sumatera Selatan,2021,92.4
106,Kabupaten Ogan Komering Ulu Selatan,Sumatera Selatan,2021,81.2
107,Kabupaten Ogan Komering Ulu Timur,Sumatera Selatan,2021,94.7
108,Kabupaten Ogan Ilir,Sumatera Selatan,2021,88
109,Kabupaten Empat Lawang,Sumatera Selatan,2021,74.3
110,Kabupaten Penukal Abab Lematang Ilir,Sumatera Selatan,2021,73.3
111,Kabupaten Musi Rawas Utara,Sumatera Selatan,2021,85
112,Kota Palembang,Sumatera Selatan,2021,85.4
113,Kota Prabumulih,Sumatera Selatan,2021,78.8
114,Kota Pagar Alam,Sumatera Selatan,2021,91.8
115,Kota Lubuklinggau,Sumatera Selatan,2021,90.9
116,Kabupaten Bengkulu Selatan,Bengkulu,2021,82.5
117,Kabupaten Rejang Lebong,Bengkulu,2021,84.1
118,Kabupaten Bengkulu Utara,Bengkulu,2021,88.3
119,Kabupaten Kaur,Bengkulu,2021,83.6
120,Kabupaten Seluma,Bengkulu,2021,75.4
121,Kabupaten Mukomuko,Bengkulu,2021,85.4
122,Kabupaten Lebong,Bengkulu,2021,87.6
123,Kabupaten Kepahiang,Bengkulu,2021,83.2
124,Kabupaten Bengkulu Tengah,Bengkulu,2021,85.1
125,Kota Bengkulu,Bengkulu,2021,82.5
126,Kabupaten Lampung Barat,Lampung,2021,85.1
127,Kabupaten Tanggamus,Lampung,2021,83.9
128,Kabupaten Lampung Selatan,Lampung,2021,91.2
129,Kabupaten Lampung Timur,Lampung,2021,89.5
130,Kabupaten Lampung Tengah,Lampung,2021,89.8
131,Kabupaten Lampung Utara,Lampung,2021,80.1
132,Kabupaten Way Kanan,Lampung,2021,86.9
133,Kabupaten Tulang Bawang,Lampung,2021,83.5
134,Kabupaten Pesawaran,Lampung,2021,89.4
135,Kabupaten Pringsewu,Lampung,2021,90.2
136,Kabupaten Mesuji,Lampung,2021,87.7
137,Kabupaten Tulang Bawang Barat,Lampung,2021,77.5
138,Kabupaten Pesisir Barat,Lampung,2021,82.9
139,Kota Bandar Lampung,Lampung,2021,88.4
140,Kota Metro,Lampung,2021,92.6
141,Kabupaten Bangka,Kepulauan Bangka Belitung,2021,83.3
142,Kabupaten Belitung,Kepulauan Bangka Belitung,2021,80.5
143,Kabupaten Bangka Barat,Kepulauan Bangka Belitung,2021,84.3
144,Kabupaten Bangka Tengah,Kepulauan Bangka Belitung,2021,82.1
145,Kabupaten Bangka Selatan,Kepulauan Bangka Belitung,2021,76.9
146,Kabupaten Belitung Timur,Kepulauan Bangka Belitung,2021,79.5
147,Kota Pangkal Pinang,Kepulauan Bangka Belitung,2021,83.7
148,Kabupaten Karimun,Kepulauan Riau,2021,85.4
149,Kabupaten Bintan,Kepulauan Riau,2021,84.7
150,Kabupaten Natuna,Kepulauan Riau,2021,79.3
151,Kabupaten Lingga,Kepulauan Riau,2021,76.1
152,Kabupaten Kepulauan Anambas,Kepulauan Riau,2021,68.6
153,Kota Batam,Kepulauan Riau,2021,88.1
154,Kota Tanjung Pinang,Kepulauan Riau,2021,85.4
155,Kabupaten Kepulauan Seribu,DKI Jakarta,2021,80.9
156,Kota Jakarta Selatan,DKI Jakarta,2021,84.9
157,Kota Jakarta Timur,DKI Jakarta,2021,87.3
158,Kota Jakarta Pusat,DKI Jakarta,2021,85.9
159,Kota Jakarta Barat,DKI Jakarta,2021,85.9
160,Kota Jakarta Utara,DKI Jakarta,2021,89
161,Kabupaten Bogor Ka,Jawa Barat,2021,77.9
162,Kabupaten Sukabumi ka,Jawa Barat,2021,84.2
163,Kabupaten Cianjur,Jawa Barat,2021,75.9
164,Kabupaten Bandung Ka,Jawa Barat,2021,77.9
165,Kabupaten Garut,Jawa Barat,2021,73.9
166,Kabupaten Tasikmalaya ka,Jawa Barat,2021,76.5
167,Kabupaten Ciamis,Jawa Barat,2021,92.1
168,Kabupaten Kuningan,Jawa Barat,2021,82.4
169,Kabupaten Cirebon Ka,Jawa Barat,2021,93
170,Kabupaten Majalengka,Jawa Barat,2021,86.8
171,Kabupaten Sumedang,Jawa Barat,2021,87.4
172,Kabupaten Indramayu,Jawa Barat,2021,95.4
173,Kabupaten Subang,Jawa Barat,2021,82.6
174,Kabupaten Purwakarta,Jawa Barat,2021,79.5
175,Kabupaten Karawang,Jawa Barat,2021,85.2
176,Kabupaten Bekasi Ka,Jawa Barat,2021,80.7
177,Kabupaten Bandung Barat,Jawa Barat,2021,78.6
178,Kabupaten Pangandaran,Jawa Barat,2021,93.6
179,Kota Bogor Ko,Jawa Barat,2021,80.8
180,Kota Sukabumi ko,Jawa Barat,2021,84.8
181,Kota Bandung Ko,Jawa Barat,2021,85.4
182,Kota Cirebon Ko,Jawa Barat,2021,87.3
183,Kota Bekasi Ko,Jawa Barat,2021,88.7
184,Kota Depok,Jawa Barat,2021,84.9
185,Kota Cimahi,Jawa Barat,2021,83.9
186,Kota Tasikmalaya ko,Jawa Barat,2021,91.5
187,Kota Banjar,Jawa Barat,2021,94.7
188,Kabupaten Cilacap,Jawa Tengah,2021,80.5
189,Kabupaten Banyumas,Jawa Tengah,2021,91.4
190,Kabupaten  Purbalingga,Jawa Tengah,2021,80.3
191,Kabupaten Banjarnegara,Jawa Tengah,2021,94.1
192,Kabupaten Kebumen,Jawa Tengah,2021,87.3
193,Kabupaten Purworejo,Jawa Tengah,2021,91.3
194,Kabupaten Wonosobo,Jawa Tengah,2021,86
195,Kabupaten Magelang ka,Jawa Tengah,2021,84
196,Kabupaten Boyolali,Jawa Tengah,2021,82.6
197,Kabupaten Klaten,Jawa Tengah,2021,85.2
198,Kabupaten Sukoharjo,Jawa Tengah,2021,89.3
199,Kabupaten Wonogiri,Jawa Tengah,2021,83.4
200,Kabupaten Karanganyar,Jawa Tengah,2021,87.2
201,Kabupaten Sragen,Jawa Tengah,2021,93.1
202,Kabupaten Grobogan,Jawa Tengah,2021,85.7
203,Kabupaten Blora,Jawa Tengah,2021,88.5
204,Kabupaten Rembang,Jawa Tengah,2021,84.6
205,Kabupaten Pati,Jawa Tengah,2021,88.6
206,Kabupaten Kudus,Jawa Tengah,2021,88.5
207,Kabupaten Jepara,Jawa Tengah,2021,79.7
208,Kabupaten Demak,Jawa Tengah,2021,92.1
209,Kabupaten Semarang ka,Jawa Tengah,2021,86
210,Kabupaten Temanggung,Jawa Tengah,2021,79.7
211,Kabupaten Kendal,Jawa Tengah,2021,91.6
212,Kabupaten Batang ,Jawa Tengah,2021,91.2
213,Kabupaten Pekalongan ka,Jawa Tengah,2021,91
214,Kabupaten Pemalang,Jawa Tengah,2021,95.2
215,Kabupaten Tegal ka,Jawa Tengah,2021,90
216,Kabupaten Brebes,Jawa Tengah,2021,84.9
217,Kota Magelang ko,Jawa Tengah,2021,84
218,Kota Surakarta,Jawa Tengah,2021,92.8
219,Kota Salatiga,Jawa Tengah,2021,90.9
220,Kota Semarang ko,Jawa Tengah,2021,88.9
221,Kota Pekalongan ko,Jawa Tengah,2021,81.7
222,Kota Tegal ko,Jawa Tengah,2021,88.9
223,Kabupaten Kulon Progo,DI Yogyakarta,2021,89.6
224,Kabupaten Bantul,DI Yogyakarta,2021,93.6
225,Kabupaten Gunung Kidul,DI Yogyakarta,2021,90.2
226,Kabupaten Sleman,DI Yogyakarta,2021,94.5
227,Kota Yogyakarta,DI Yogyakarta,2021,90.8
228,Kabupaten Pacitan,Jawa Timur,2021,86.1
229,Kabupaten Ponorogo,Jawa Timur,2021,89
230,Kabupaten Trenggalek,Jawa Timur,2021,85.2
231,Kabupaten Tulungagung,Jawa Timur,2021,91.7
232,Kabupaten Blitar ka,Jawa Timur,2021,88.4
233,Kabupaten Kediri ka,Jawa Timur,2021,92
234,Kabupaten Malang ka,Jawa Timur,2021,85.1
235,Kabupaten Lumajang,Jawa Timur,2021,93.3
236,Kabupaten Jember,Jawa Timur,2021,92.5
237,Kabupaten Banyuwangi,Jawa Timur,2021,88.9
238,Kabupaten Bondowoso,Jawa Timur,2021,81.8
239,Kabupaten Situbondo,Jawa Timur,2021,83.5
240,Kabupaten Probolinggo ka,Jawa Timur,2021,78.8
241,Kabupaten Pasuruan ka,Jawa Timur,2021,86.1
242,Kabupaten Sidoarjo,Jawa Timur,2021,88.2
243,Kabupaten Mojokerto ka,Jawa Timur,2021,91
244,Kabupaten Jombang,Jawa Timur,2021,95.9
245,Kabupaten Nganjuk,Jawa Timur,2021,91.3
246,Kabupaten Madiun ka,Jawa Timur,2021,90.6
247,Kabupaten Magetan,Jawa Timur,2021,89.4
248,Kabupaten Ngawi,Jawa Timur,2021,90.5
249,Kabupaten Bojonegoro,Jawa Timur,2021,81.8
250,Kabupaten Tuban,Jawa Timur,2021,89.9
251,Kabupaten Lamongan,Jawa Timur,2021,88
252,Kabupaten Gresik,Jawa Timur,2021,87.1
253,Kabupaten Bangkalan,Jawa Timur,2021,70.5
254,Kabupaten Sampang,Jawa Timur,2021,65.3
255,Kabupaten Pamekasan,Jawa Timur,2021,67.6
256,Kabupaten Sumenep,Jawa Timur,2021,90.2
257,Kota Kediri ko,Jawa Timur,2021,96.3
258,Kota Blitar ko,Jawa Timur,2021,94.7
259,Kota Malang ko,Jawa Timur,2021,87.4
260,Kota Probolinggo ko,Jawa Timur,2021,85.1
261,Kota Pasuruan ko,Jawa Timur,2021,86.2
262,Kota Mojokerto ko,Jawa Timur,2021,90.7
263,Kota Madiun ko,Jawa Timur,2021,95.1
264,Kota Surabaya,Jawa Timur,2021,91
265,Kota Batu,Jawa Timur,2021,87.6
266,Kabupaten Pandeglang,Banten,2021,73.5
267,Kabupaten Lebak,Banten,2021,91.3
268,Kabupaten Tangerang Ka,Banten,2021,92.8
269,Kabupaten Serang Ka,Banten,2021,74.9
270,Kota Tangerang Ko,Banten,2021,89.4
271,Kota Cilegon,Banten,2021,87.6
272,Kota Serang Ko,Banten,2021,82.8
273,Kota Tangerang Selatan,Banten,2021,87.3
274,Kabupaten Jembrana,Bali,2021,93.4
275,Kabupaten Tabanan,Bali,2021,89.5
276,Kabupaten Badung,Bali,2021,84.6
277,Kabupaten Gianyar,Bali,2021,91.8
278,Kabupaten Klungkung,Bali,2021,85.5
279,Kabupaten Bangli,Bali,2021,91
280,Kabupaten Karangasem,Bali,2021,84
281,Kabupaten Buleleng,Bali,2021,84.1
282,Kota Denpasar,Bali,2021,83.8
283,Kabupaten Lombok Barat,Nusa Tenggara Barat,2021,89.1
284,Kabupaten Lombok Tengah,Nusa Tenggara Barat,2021,93.7
285,Kabupaten Lombok Timur,Nusa Tenggara Barat,2021,96.9
286,Kabupaten Sumbawa,Nusa Tenggara Barat,2021,81.9
287,Kabupaten Dompu,Nusa Tenggara Barat,2021,82.6
288,Kabupaten Bima ka,Nusa Tenggara Barat,2021,74.7
289,Kabupaten Sumbawa Barat,Nusa Tenggara Barat,2021,91.4
290,Kabupaten Lombok Utara,Nusa Tenggara Barat,2021,93.4
291,Kota Mataram,Nusa Tenggara Barat,2021,94.4
292,Kota Bima ko,Nusa Tenggara Barat,2021,82.6
293,Kabupaten Sumba Barat,Nusa Tenggara Timur,2021,66.9
294,Kabupaten Sumba Timur,Nusa Tenggara Timur,2021,63.4
295,Kabupaten Kupang ka,Nusa Tenggara Timur,2021,62.6
296,Kabupaten Timor Tengah Selatan,Nusa Tenggara Timur,2021,75.2
297,Kabupaten Timor Tengah Utara,Nusa Tenggara Timur,2021,67.4
298,Kabupaten Belu,Nusa Tenggara Timur,2021,67.4
299,Kabupaten Alor,Nusa Tenggara Timur,2021,70.2
300,Kabupaten Lembata,Nusa Tenggara Timur,2021,75.4
301,Kabupaten Flores Timur,Nusa Tenggara Timur,2021,66.9
302,Kabupaten Sikka,Nusa Tenggara Timur,2021,65.2
303,Kabupaten Ende,Nusa Tenggara Timur,2021,78.6
304,Kabupaten Ngada,Nusa Tenggara Timur,2021,82
305,Kabupaten Manggarai,Nusa Tenggara Timur,2021,85.1
306,Kabupaten Rote Ndao,Nusa Tenggara Timur,2021,61.3
307,Kabupaten Manggarai Barat,Nusa Tenggara Timur,2021,79.7
308,Kabupaten Sumba Tengah,Nusa Tenggara Timur,2021,65.6
309,Kabupaten Sumba Barat Daya,Nusa Tenggara Timur,2021,73.6
310,Kabupaten Nagekeo,Nusa Tenggara Timur,2021,84.7
311,Kabupaten Manggarai Timur,Nusa Tenggara Timur,2021,73.9
312,Kabupaten Sabu Raijua,Nusa Tenggara Timur,2021,79.4
313,Kabupaten Malaka,Nusa Tenggara Timur,2021,66.7
314,Kota Kupang ko,Nusa Tenggara Timur,2021,82.7
315,Kabupaten Sambas,Kalimantan Barat,2021,73.7
316,Kabupaten Bengkayang,Kalimantan Barat,2021,77.2
317,Kabupaten Landak,Kalimantan Barat,2021,75.6
318,Kabupaten Mempawah,Kalimantan Barat,2021,74
319,Kabupaten Sanggau,Kalimantan Barat,2021,78
320,Kabupaten Ketapang,Kalimantan Barat,2021,80.7
321,Kabupaten Sintang,Kalimantan Barat,2021,73.5
322,Kabupaten Kapuas Hulu,Kalimantan Barat,2021,68.1
323,Kabupaten Sekadau,Kalimantan Barat,2021,74.3
324,Kabupaten Melawi,Kalimantan Barat,2021,73.3
325,Kabupaten Kayong Utara,Kalimantan Barat,2021,83.1
326,Kabupaten Kubu Raya,Kalimantan Barat,2021,72.2
327,Kota Pontianak ko,Kalimantan Barat,2021,77.6
328,Kota Singkawang,Kalimantan Barat,2021,81.6
329,Kabupaten Kotawaringin Barat,Kalimantan Tengah,2021,91.1
330,Kabupaten Kotawaringin Timur,Kalimantan Tengah,2021,86.4
331,Kabupaten Kapuas,Kalimantan Tengah,2021,93
332,Kabupaten Barito Selatan,Kalimantan Tengah,2021,81.4
333,Kabupaten Barito Utara,Kalimantan Tengah,2021,80.7
334,Kabupaten Sukamara,Kalimantan Tengah,2021,84.8
335,Kabupaten Lamandau,Kalimantan Tengah,2021,91.8
336,Kabupaten Seruyan,Kalimantan Tengah,2021,80.3
337,Kabupaten Katingan,Kalimantan Tengah,2021,77.4
338,Kabupaten Pulang Pisau,Kalimantan Tengah,2021,88.5
339,Kabupaten Gunung Mas,Kalimantan Tengah,2021,75.8
340,Kabupaten Barito Timur,Kalimantan Tengah,2021,82.5
341,Kabupaten Murung Raya,Kalimantan Tengah,2021,72.6
342,Kota Palangka Raya,Kalimantan Tengah,2021,85.8
343,Kabupaten Tanah Laut,Kalimantan Selatan,2021,84.8
344,Kabupaten Kota Baru,Kalimantan Selatan,2021,82.4
345,Kabupaten Banjar,Kalimantan Selatan,2021,81.5
346,Kabupaten Barito Kuala,Kalimantan Selatan,2021,79.9
347,Kabupaten Tapin,Kalimantan Selatan,2021,84.4
348,Hulu Sungai Selatan,Kalimantan Selatan,2021,82.8
349,Hulu Sungai Tengah,Kalimantan Selatan,2021,85.7
350,Hulu Sungai Utara,Kalimantan Selatan,2021,77.6
351,Kabupaten Tabalong,Kalimantan Selatan,2021,86.5
352,Kabupaten Tanah Bumbu,Kalimantan Selatan,2021,85.4
353,Kabupaten Balangan,Kalimantan Selatan,2021,84.9
354,Kota Banjarmasin,Kalimantan Selatan,2021,82
355,Kota Banjar Baru,Kalimantan Selatan,2021,86.5
356,Kabupaten Paser,Kalimantan Timur,2021,86.4
357,Kabupaten Kutai Barat,Kalimantan Timur,2021,80.6
358,Kabupaten Kutai Kertanegara,Kalimantan Timur,2021,81.1
359,Kabupaten Kutai Timur,Kalimantan Timur,2021,87.1
360,Kabupaten Berau,Kalimantan Timur,2021,84
361,Kabupaten Penajam Paser Utara,Kalimantan Timur,2021,85.3
362,Kabupaten Mahakam Ulu,Kalimantan Timur,2021,78.3
363,Kota Balikpapan,Kalimantan Timur,2021,86.1
364,Kota Samarinda,Kalimantan Timur,2021,77.1
365,Kota Bontang,Kalimantan Timur,2021,89.8
366,Kabupaten Malinau,Kalimantan Utara,2021,77.3
367,Kabupaten Bulungan,Kalimantan Utara,2021,85.9
368,Kabupaten Tana Tidung,Kalimantan Utara,2021,79.3
369,Kabupaten Nunukan,Kalimantan Utara,2021,77.1
370,Kota Tarakan,Kalimantan Utara,2021,80.9
371,Kabupaten Bolaang Mongondow,Sulawesi Utara,2021,81.7
372,Kabupaten Minahasa,Sulawesi Utara,2021,82.2
373,Kabupaten Kepulauan Sangihe,Sulawesi Utara,2021,72.8
374,Kabupaten Kepulauan Talaud,Sulawesi Utara,2021,74
375,Kabupaten Minahasa Selatan,Sulawesi Utara,2021,86.3
376,Kabupaten Minahasa Utara,Sulawesi Utara,2021,85.5
377,Kabupaten Bolaang Mongondow Utara,Sulawesi Utara,2021,79.8
378,Kabupaten Siau Tagulandang Biaro,Sulawesi Utara,2021,66.8
379,Kabupaten Minahasa Tenggara,Sulawesi Utara,2021,83.4
380,Kabupaten Bolaang Mongondow Selatan,Sulawesi Utara,2021,73.1
381,Kabupaten Bolaang Mongondow Timur,Sulawesi Utara,2021,81.3
382,Kota Manado,Sulawesi Utara,2021,80.9
383,Kota Bitung,Sulawesi Utara,2021,84.4
384,Kota Tomohon,Sulawesi Utara,2021,82
385,Kota Kotamobagu,Sulawesi Utara,2021,84.1
386,Kabupaten Banggai Kepulauan,Sulawesi Tengah,2021,73.3
387,Kabupaten Banggai,Sulawesi Tengah,2021,77.9
388,Kabupaten Morowali,Sulawesi Tengah,2021,80.8
389,Kabupaten Poso,Sulawesi Tengah,2021,82
390,Kabupaten Donggala,Sulawesi Tengah,2021,71.3
391,Kabupaten Toli-Toli,Sulawesi Tengah,2021,65.9
392,Kabupaten Buol,Sulawesi Tengah,2021,75.7
393,Kabupaten Parigi Moutong,Sulawesi Tengah,2021,77.8
394,Kabupaten Tojo Una-Una,Sulawesi Tengah,2021,72
395,Kabupaten Sigi,Sulawesi Tengah,2021,78.6
396,Kabupaten Banggai Laut,Sulawesi Tengah,2021,70
397,Kabupaten Morowali Utara,Sulawesi Tengah,2021,93.2
398,Kota Palu,Sulawesi Tengah,2021,79.2
399,Kabupaten Kepulauan Selayar,Sulawesi Selatan,2021,78
400,Kabupaten Bulukumba,Sulawesi Selatan,2021,81.2
401,Kabupaten Bantaeng,Sulawesi Selatan,2021,73.2
402,Kabupaten Jeneponto,Sulawesi Selatan,2021,79
403,Kabupaten Takalar,Sulawesi Selatan,2021,81.9
404,Kabupaten Gowa,Sulawesi Selatan,2021,78.5
405,Kabupaten Sinjai,Sulawesi Selatan,2021,94
406,Kabupaten Maros,Sulawesi Selatan,2021,75.4
407,Kabupaten Pangkajene dan Kepulauan,Sulawesi Selatan,2021,80.4
408,Kabupaten Barru,Sulawesi Selatan,2021,75.5
409,Kabupaten Bone,Sulawesi Selatan,2021,75.4
410,Kabupaten Soppeng,Sulawesi Selatan,2021,75.7
411,Kabupaten Wajo,Sulawesi Selatan,2021,80.5
412,Kabupaten Sidenreng Rappang,Sulawesi Selatan,2021,83.3
413,Kabupaten Pinrang,Sulawesi Selatan,2021,70.7
414,Kabupaten Enrekang,Sulawesi Selatan,2021,74.2
415,Kabupaten Luwu,Sulawesi Selatan,2021,80.1
416,Kabupaten Tana Toraja,Sulawesi Selatan,2021,75
417,Kabupaten Luwu Utara,Sulawesi Selatan,2021,91.6
418,Kabupaten Luwu Timur,Sulawesi Selatan,2021,89.4
419,Kabupaten Toraja Utara,Sulawesi Selatan,2021,78.7
420,Kota Makassar,Sulawesi Selatan,2021,83.7
421,Kota Pare-Pare,Sulawesi Selatan,2021,84.9
422,Kota Palopo,Sulawesi Selatan,2021,81.1
423,Kabupaten Buton,Sulawesi Tenggara,2021,69.4
424,Kabupaten Muna,Sulawesi Tenggara,2021,71.4
425,Kabupaten Konawe,Sulawesi Tenggara,2021,77.7
426,Kabupaten Kolaka,Sulawesi Tenggara,2021,84.4
427,Kabupaten Konawe Selatan,Sulawesi Tenggara,2021,85.5
428,Kabupaten Bombana,Sulawesi Tenggara,2021,73.7
429,Kabupaten Wakatobi,Sulawesi Tenggara,2021,71.8
430,Kabupaten Kolaka Utara,Sulawesi Tenggara,2021,83.5
431,Kabupaten Buton Utara,Sulawesi Tenggara,2021,68.9
432,Kabupaten Konawe Utara,Sulawesi Tenggara,2021,78.9
433,Kabupaten Kolaka Timur,Sulawesi Tenggara,2021,84.1
434,Kabupaten Konawe Kepulauan,Sulawesi Tenggara,2021,50.6
435,Kabupaten Muna Barat,Sulawesi Tenggara,2021,72.1
436,Kabupaten Buton Tengah,Sulawesi Tenggara,2021,70.7
437,Kabupaten Buton Selatan,Sulawesi Tenggara,2021,63.2
438,Kota Kendari,Sulawesi Tenggara,2021,87.3
439,Kota Bau-Bau,Sulawesi Tenggara,2021,69.9
440,Kabupaten Boalemo,Gorontalo,2021,74.6
441,Kabupaten Gorontalo Ka,Gorontalo,2021,78.5
442,Kabupaten Pohuwato,Gorontalo,2021,70.1
443,Kabupaten Bone Bolango,Gorontalo,2021,72.1
444,Kabupaten Gorontalo Utara,Gorontalo,2021,70.9
445,Kota Gorontalo Ko,Gorontalo,2021,73.2
446,Kabupaten Majene,Sulawesi Barat,2021,68
447,Kabupaten Polewali Mandar,Sulawesi Barat,2021,76
448,Kabupaten Mamasa,Sulawesi Barat,2021,74.7
449,Kabupaten Mamuju,Sulawesi Barat,2021,67.9
450,Kabupaten Mamuju Utara,Sulawesi Barat,2021,81.5
451,Kabupaten Mamuju Tengah,Sulawesi Barat,2021,82.2
452,Kabupaten Kepulauan Tanimbar,Maluku,2021,59.3
453,Kabupaten Maluku Tenggara,Maluku,2021,69.3
454,Kabupaten Maluku Tengah,Maluku,2021,71
455,Kabupaten Buru,Maluku,2021,69.4
456,Kabupaten Kepulauan Aru,Maluku,2021,64.1
457,Kabupaten Seram Bagian Barat,Maluku,2021,67.8
458,Kabupaten Seram Bagian Timur,Maluku,2021,66.6
459,Kabupaten Maluku Barat Daya,Maluku,2021,68.3
460,Kabupaten Buru Selatan,Maluku,2021,67.1
461,Kota Ambon,Maluku,2021,78.5
462,Kota Tual,Maluku,2021,57.6
463,Kabupaten Halmahera Barat,Maluku Utara,2021,74.3
464,Kabupaten Halmahera Tengah,Maluku Utara,2021,70.3
465,Kabupaten Kepulauan Sula,Maluku Utara,2021,57.8
466,Kabupaten Halmahera Selatan,Maluku Utara,2021,78.1
467,Kabupaten Halmahera Utara,Maluku Utara,2021,71.4
468,Kabupaten Halmahera Timur,Maluku Utara,2021,76.3
469,Kabupaten Pulau Morotai,Maluku Utara,2021,77.9
470,Kabupaten Pulau Taliabu,Maluku Utara,2021,60
471,Kota Ternate,Maluku Utara,2021,73.1
472,Kota Tidore Kepulauan,Maluku Utara,2021,78.6
473,Kabupaten Fak-Fak,Papua Barat,2021,77.2
474,Kabupaten Kaimana,Papua Barat,2021,79.9
475,Kabupaten Teluk Wondama,Papua Barat,2021,77.1
476,Kabupaten Teluk Bintuni,Papua Barat,2021,77.3
477,Kabupaten Manokwari,Papua Barat,2021,73.9
478,Kabupaten Sorong Selatan,Papua Barat,2021,69.4
479,Kabupaten Sorong ka,Papua Barat,2021,83.7
480,Kabupaten Raja Ampat,Papua Barat,2021,71.9
481,Kabupaten Tambrauw,Papua Barat,2021,76.8
482,Kabupaten Maybrat,Papua Barat,2021,76.9
483,Kabupaten Manokwari Selatan,Papua Barat,2021,76.7
484,Kabupaten Pegunungan Arfak,Papua Barat,2021,69.8
485,Kota Sorong ko,Papua Barat,2021,79.5
486,Kabupaten Merauke,Papua,2021,85.6
487,Kabupaten Jayawijaya,Papua,2021,60.2
488,Kabupaten Jayapura ka,Papua,2021,75.6
489,Kabupaten Nabire,Papua,2021,87.7
490,Kabupaten Kepulauan Yapen,Papua,2021,74.6
491,Kabupaten Biak Numfor,Papua,2021,69.4
492,Kabupaten Paniai,Papua,2021,63.2
493,Kabupaten Puncak Jaya,Papua,2021,58.4
494,Kabupaten Mimika,Papua,2021,80.2
495,Kabupaten Boven Digoel,Papua,2021,73.2
496,Kabupaten Mappi,Papua,2021,48.4
497,Kabupaten Asmat,Papua,2021,68.8
498,Kabupaten Yahukimo,Papua,2021,52.6
499,Kabupaten Pegunungan Bintang,Papua,2021,41.2
500,Kabupaten Tolikara,Papua,2021,70
501,Kabupaten Sarmi,Papua,2021,72.8
502,Kabupaten Keerom,Papua,2021,69.2
503,Kabupaten Waropen,Papua,2021,77.3
504,Kabupaten Supiori,Papua,2021,83.1
505,Kabupaten Mamberamo Raya,Papua,2021,75.6
506,Kabupaten Nduga,Papua,2021,72.7
507,Kabupaten Lanny Jaya,Papua,2021,66.3
508,Kabupaten Mamberamo Tengah,Papua,2021,56.2
509,Kabupaten Yalimo,Papua,2021,76.6
510,Kabupaten Puncak,Papua,2021,39.6
511,Kabupaten Dogiyai,Papua,2021,50.2
512,Kabupaten Intan Jaya,Papua,2021,64.5
513,Kabupaten Deiyai,Papua,2021,64.5
514,Kota Jayapura ko,Papua,2021,77.5
515,Kabupaten Simeulue,Aceh,2022,69.4
516,Kabupaten Aceh Singkil,Aceh,2022,89.7
517,Kabupaten Aceh Selatan,Aceh,2022,73.5
518,Kabupaten Aceh Tenggara,Aceh,2022,80.8
519,Kabupaten Aceh Timur,Aceh,2022,86.8
520,Kabupaten Aceh Tengah,Aceh,2022,89.1
521,Kabupaten Aceh Barat,Aceh,2022,92
522,Kabupaten Aceh Besar,Aceh,2022,75.5
523,Kabupaten Pidie,Aceh,2022,78.2
524,Kabupaten Bireuen,Aceh,2022,89.1
525,Kabupaten Aceh Utara,Aceh,2022,74.5
526,Kabupaten Aceh Barat Daya,Aceh,2022,70.6
527,Kabupaten Gayo Lues,Aceh,2022,93.9
528,Kabupaten Aceh Tamiang,Aceh,2022,81.8
529,Kabupaten Nagan Raya,Aceh,2022,95.6
530,Kabupaten Aceh Jaya,Aceh,2022,84.1
531,Kabupaten Bener Meriah,Aceh,2022,92.2
532,Kabupaten Pidie Jaya,Aceh,2022,87.8
533,Kota Banda Aceh,Aceh,2022,83.3
534,Kota Sabang,Aceh,2022,87.9
535,Kota Langsa,Aceh,2022,85.4
536,Kota Lhokseumawe,Aceh,2022,76.5
537,Kota Subulussalam,Aceh,2022,89.4
538,Kabupaten Nias,Sumatera Utara,2022,82.5
539,Kabupaten Mandailing Natal,Sumatera Utara,2022,85.9
540,Kabupaten Tapanuli Selatan,Sumatera Utara,2022,85.5
541,Kabupaten Tapanuli Tengah,Sumatera Utara,2022,77.5
542,Kabupaten Tapanuli Utara,Sumatera Utara,2022,88.4
543,Kabupaten Toba Samosir,Sumatera Utara,2022,92.1
544,Kabupaten Labuhan Batu,Sumatera Utara,2022,81.1
545,Kabupaten Asahan,Sumatera Utara,2022,93.1
546,Kabupaten Simalungun,Sumatera Utara,2022,91.3
547,Kabupaten Dairi,Sumatera Utara,2022,84.9
548,Kabupaten Karo,Sumatera Utara,2022,93
549,Kabupaten Deli Serdang,Sumatera Utara,2022,94
550,Kabupaten Langkat,Sumatera Utara,2022,93.4
551,Kabupaten Nias Selatan,Sumatera Utara,2022,72.3
552,Kabupaten Humbang Hasundutan,Sumatera Utara,2022,86.4
553,Kabupaten Pakpak Bharat,Sumatera Utara,2022,90.4
554,Kabupaten Samosir,Sumatera Utara,2022,91.7
555,Kabupaten Serdang Bedagai,Sumatera Utara,2022,94.3
556,Kabupaten Batu Bara,Sumatera Utara,2022,84.8
557,Kabupaten Padang Lawas Utara,Sumatera Utara,2022,88
558,Kabupaten Padang Lawas,Sumatera Utara,2022,91.1
559,Kabupaten Labuhan Batu Selatan,Sumatera Utara,2022,86.9
560,Kabupaten Labuhan Batu Utara,Sumatera Utara,2022,89.8
561,Kabupaten Nias Utara,Sumatera Utara,2022,73
562,Kabupaten Nias Barat,Sumatera Utara,2022,71.2
563,Kota Sibolga,Sumatera Utara,2022,80.3
564,Kota Tanjung Balai,Sumatera Utara,2022,92
565,Kota Pematang Siantar,Sumatera Utara,2022,90.6
566,Kota Tebing Tinggi,Sumatera Utara,2022,88.9
567,Kota Medan,Sumatera Utara,2022,91.1
568,Kota Binjai,Sumatera Utara,2022,89.3
569,Kota Padangsidimpuan,Sumatera Utara,2022,93
570,Kota Gunungsitoli,Sumatera Utara,2022,73.4
571,Kabupaten Kepulauan Mentawai,Sumatera Barat,2022,85.1
572,Kabupaten Pesisir Selatan,Sumatera Barat,2022,86.9
573,Kabupaten Solok ka,Sumatera Barat,2022,89.9
574,Kabupaten Sijunjung,Sumatera Barat,2022,87.3
575,Kabupaten Tanah Datar,Sumatera Barat,2022,89.3
576,Kabupaten Padang Pariaman,Sumatera Barat,2022,83.7
577,Kabupaten Agam,Sumatera Barat,2022,85.6
578,Kabupaten Lima puluh Kota,Sumatera Barat,2022,92
579,Kabupaten Pasaman,Sumatera Barat,2022,87.5
580,Kabupaten Solok Selatan,Sumatera Barat,2022,90.5
581,Kabupaten Dharmasraya,Sumatera Barat,2022,88.5
582,Kabupaten Pasaman Barat,Sumatera Barat,2022,90.3
583,Kota Padang,Sumatera Barat,2022,88.1
584,Kota Solok ko,Sumatera Barat,2022,92.1
585,Kota Sawah Lunto,Sumatera Barat,2022,88.2
586,Kota Padang Panjang,Sumatera Barat,2022,86.1
587,Kota Bukittinggi,Sumatera Barat,2022,82.1
588,Kota Payakumbuh,Sumatera Barat,2022,87.3
589,Kota Pariaman,Sumatera Barat,2022,89.1
590,Kabupaten Kuantan Singingi,Riau,2022,90.7
591,Kabupaten Indragiri Hulu,Riau,2022,82.7
592,Kabupaten Indragiri Hilir,Riau,2022,81.9
593,Kabupaten Pelalawan,Riau,2022,92.1
594,Kabupaten Siak,Riau,2022,91.8
595,Kabupaten Kampar,Riau,2022,91.9
596,Kabupaten Rokan Hulu,Riau,2022,88.8
597,Kabupaten Bengkalis,Riau,2022,88.3
598,Kabupaten Rokan Hilir,Riau,2022,92.7
599,Kabupaten Kepulauan Meranti,Riau,2022,81.3
600,Kota Pekanbaru,Riau,2022,85.6
601,Kota Dumai,Riau,2022,88.6
602,Kabupaten Kerinci,Jambi,2022,86.7
603,Kabupaten Merangin,Jambi,2022,82.8
604,Kabupaten Sarolangun,Jambi,2022,76.1
605,Kabupaten Batang Hari,Jambi,2022,68.4
606,Kabupaten Muaro Jambi,Jambi,2022,67.3
607,Kabupaten Tanjung Jabung Timur,Jambi,2022,80.8
608,Kabupaten Tanjung Jabung Barat,Jambi,2022,76.7
609,Kabupaten Tebo,Jambi,2022,86.7
610,Kabupaten Bungo,Jambi,2022,72.1
611,Kota Jambi,Jambi,2022,84
612,Kota Sungai Penuh,Jambi,2022,84.9
613,Kabupaten Ogan Komering Ulu,Sumatera Selatan,2022,92.9
614,Kabupaten Ogan Komering Ilir,Sumatera Selatan,2022,94.3
615,Kabupaten Muara Enim,Sumatera Selatan,2022,88.9
616,Kabupaten Lahat,Sumatera Selatan,2022,91.4
617,Kabupaten Musi Rawas,Sumatera Selatan,2022,93.4
618,Kabupaten Musi Banyuasin,Sumatera Selatan,2022,90.7
619,Kabupaten Banyuasin,Sumatera Selatan,2022,94.7
620,Kabupaten Ogan Komering Ulu Selatan,Sumatera Selatan,2022,82.8
621,Kabupaten Ogan Komering Ulu Timur,Sumatera Selatan,2022,95
622,Kabupaten Ogan Ilir,Sumatera Selatan,2022,93.1
623,Kabupaten Empat Lawang,Sumatera Selatan,2022,89.4
624,Kabupaten Penukal Abab Lematang Ilir,Sumatera Selatan,2022,87.5
625,Kabupaten Musi Rawas Utara,Sumatera Selatan,2022,93.5
626,Kota Palembang,Sumatera Selatan,2022,92.7
627,Kota Prabumulih,Sumatera Selatan,2022,85.2
628,Kota Pagar Alam,Sumatera Selatan,2022,94.9
629,Kota Lubuklinggau,Sumatera Selatan,2022,93.8
630,Kabupaten Bengkulu Selatan,Bengkulu,2022,88.8
631,Kabupaten Rejang Lebong,Bengkulu,2022,82.5
632,Kabupaten Bengkulu Utara,Bengkulu,2022,89.1
633,Kabupaten Kaur,Bengkulu,2022,88.3
634,Kabupaten Seluma,Bengkulu,2022,87.9
635,Kabupaten Mukomuko,Bengkulu,2022,87.3
636,Kabupaten Lebong,Bengkulu,2022,86.7
637,Kabupaten Kepahiang,Bengkulu,2022,84.4
638,Kabupaten Bengkulu Tengah,Bengkulu,2022,86.7
639,Kota Bengkulu,Bengkulu,2022,87
640,Kabupaten Lampung Barat,Lampung,2022,87.1
641,Kabupaten Tanggamus,Lampung,2022,86.4
642,Kabupaten Lampung Selatan,Lampung,2022,91.8
643,Kabupaten Lampung Timur,Lampung,2022,91.5
644,Kabupaten Lampung Tengah,Lampung,2022,91.4
645,Kabupaten Lampung Utara,Lampung,2022,83.4
646,Kabupaten Way Kanan,Lampung,2022,91.1
647,Kabupaten Tulang Bawang,Lampung,2022,88.3
648,Kabupaten Pesawaran,Lampung,2022,90
649,Kabupaten Pringsewu,Lampung,2022,91.4
650,Kabupaten Mesuji,Lampung,2022,89.8
651,Kabupaten Tulang Bawang Barat,Lampung,2022,83.1
652,Kabupaten Pesisir Barat,Lampung,2022,82.8
653,Kota Bandar Lampung,Lampung,2022,89.6
654,Kota Metro,Lampung,2022,91.3
655,Kabupaten Bangka,Kepulauan Bangka Belitung,2022,90.4
656,Kabupaten Belitung,Kepulauan Bangka Belitung,2022,82.9
657,Kabupaten Bangka Barat,Kepulauan Bangka Belitung,2022,83.8
658,Kabupaten Bangka Tengah,Kepulauan Bangka Belitung,2022,86.2
659,Kabupaten Bangka Selatan,Kepulauan Bangka Belitung,2022,83.1
660,Kabupaten Belitung Timur,Kepulauan Bangka Belitung,2022,85.4
661,Kota Pangkal Pinang,Kepulauan Bangka Belitung,2022,88.7
662,Kabupaten Karimun,Kepulauan Riau,2022,81.4
663,Kabupaten Bintan,Kepulauan Riau,2022,91.7
664,Kabupaten Natuna,Kepulauan Riau,2022,80.3
665,Kabupaten Lingga,Kepulauan Riau,2022,78.7
666,Kabupaten Kepulauan Anambas,Kepulauan Riau,2022,73.4
667,Kota Batam,Kepulauan Riau,2022,91.5
668,Kota Tanjung Pinang,Kepulauan Riau,2022,78.8
669,Kabupaten Kepulauan Seribu,DKI Jakarta,2022,85.4
670,Kota Jakarta Selatan,DKI Jakarta,2022,88.5
671,Kota Jakarta Timur,DKI Jakarta,2022,91.1
672,Kota Jakarta Pusat,DKI Jakarta,2022,88.4
673,Kota Jakarta Barat,DKI Jakarta,2022,88
674,Kota Jakarta Utara,DKI Jakarta,2022,90.3
675,Kabupaten Bogor Ka,Jawa Barat,2022,80.6
676,Kabupaten Sukabumi ka,Jawa Barat,2022,85.8
677,Kabupaten Cianjur,Jawa Barat,2022,81.5
678,Kabupaten Bandung Ka,Jawa Barat,2022,81.1
679,Kabupaten Garut,Jawa Barat,2022,71.1
680,Kabupaten Tasikmalaya ka,Jawa Barat,2022,81.8
681,Kabupaten Ciamis,Jawa Barat,2022,93.3
682,Kabupaten Kuningan,Jawa Barat,2022,93.7
683,Kabupaten Cirebon Ka,Jawa Barat,2022,94.8
684,Kabupaten Majalengka,Jawa Barat,2022,92.7
685,Kabupaten Sumedang,Jawa Barat,2022,88.5
686,Kabupaten Indramayu,Jawa Barat,2022,94.9
687,Kabupaten Subang,Jawa Barat,2022,87.5
688,Kabupaten Purwakarta,Jawa Barat,2022,89.2
689,Kabupaten Karawang,Jawa Barat,2022,85.2
690,Kabupaten Bekasi Ka,Jawa Barat,2022,84.7
691,Kabupaten Bandung Barat,Jawa Barat,2022,76.8
692,Kabupaten Pangandaran,Jawa Barat,2022,93.3
693,Kota Bogor Ko,Jawa Barat,2022,81.7
694,Kota Sukabumi ko,Jawa Barat,2022,83.9
695,Kota Bandung Ko,Jawa Barat,2022,85.7
696,Kota Cirebon Ko,Jawa Barat,2022,88.1
697,Kota Bekasi Ko,Jawa Barat,2022,87.6
698,Kota Depok,Jawa Barat,2022,85.7
699,Kota Cimahi,Jawa Barat,2022,83.2
700,Kota Tasikmalaya ko,Jawa Barat,2022,91.3
701,Kota Banjar,Jawa Barat,2022,93.9
702,Kabupaten Cilacap,Jawa Tengah,2022,80.5
703,Kabupaten Banyumas,Jawa Tengah,2022,92.2
704,Kabupaten  Purbalingga,Jawa Tengah,2022,82.4
705,Kabupaten Banjarnegara,Jawa Tengah,2022,95
706,Kabupaten Kebumen,Jawa Tengah,2022,89.2
707,Kabupaten Purworejo,Jawa Tengah,2022,91.1
708,Kabupaten Wonosobo,Jawa Tengah,2022,90
709,Kabupaten Magelang ka,Jawa Tengah,2022,86.4
710,Kabupaten Boyolali,Jawa Tengah,2022,86.8
711,Kabupaten Klaten,Jawa Tengah,2022,85.9
712,Kabupaten Sukoharjo,Jawa Tengah,2022,89.3
713,Kabupaten Wonogiri,Jawa Tengah,2022,86.6
714,Kabupaten Karanganyar,Jawa Tengah,2022,85.1
715,Kabupaten Sragen,Jawa Tengah,2022,93.1
716,Kabupaten Grobogan,Jawa Tengah,2022,82.2
717,Kabupaten Blora,Jawa Tengah,2022,89.1
718,Kabupaten Rembang,Jawa Tengah,2022,90.1
719,Kabupaten Pati,Jawa Tengah,2022,90.5
720,Kabupaten Kudus,Jawa Tengah,2022,87.5
721,Kabupaten Jepara,Jawa Tengah,2022,89.5
722,Kabupaten Demak,Jawa Tengah,2022,87.8
723,Kabupaten Semarang ka,Jawa Tengah,2022,86.9
724,Kabupaten Temanggung,Jawa Tengah,2022,80.1
725,Kabupaten Kendal,Jawa Tengah,2022,87.1
726,Kabupaten Batang ,Jawa Tengah,2022,88.7
727,Kabupaten Pekalongan ka,Jawa Tengah,2022,92.9
728,Kabupaten Pemalang,Jawa Tengah,2022,92
729,Kabupaten Tegal ka,Jawa Tengah,2022,88.9
730,Kabupaten Brebes,Jawa Tengah,2022,88.2
731,Kota Magelang ko,Jawa Tengah,2022,87.9
732,Kota Surakarta,Jawa Tengah,2022,88.7
733,Kota Salatiga,Jawa Tengah,2022,94.6
734,Kota Semarang ko,Jawa Tengah,2022,87.7
735,Kota Pekalongan ko,Jawa Tengah,2022,81.2
736,Kota Tegal ko,Jawa Tengah,2022,87.4
737,Kabupaten Kulon Progo,DI Yogyakarta,2022,90.9
738,Kabupaten Bantul,DI Yogyakarta,2022,95.7
739,Kabupaten Gunung Kidul,DI Yogyakarta,2022,91.3
740,Kabupaten Sleman,DI Yogyakarta,2022,96.6
741,Kota Yogyakarta,DI Yogyakarta,2022,91.8
742,Kabupaten Pacitan,Jawa Timur,2022,87.8
743,Kabupaten Ponorogo,Jawa Timur,2022,95.4
744,Kabupaten Trenggalek,Jawa Timur,2022,97.4
745,Kabupaten Tulungagung,Jawa Timur,2022,97.2
746,Kabupaten Blitar ka,Jawa Timur,2022,86.7
747,Kabupaten Kediri ka,Jawa Timur,2022,93.7
748,Kabupaten Malang ka,Jawa Timur,2022,83.9
749,Kabupaten Lumajang,Jawa Timur,2022,96.2
750,Kabupaten Jember,Jawa Timur,2022,92.7
751,Kabupaten Banyuwangi,Jawa Timur,2022,91.6
752,Kabupaten Bondowoso,Jawa Timur,2022,79.6
753,Kabupaten Situbondo,Jawa Timur,2022,86.6
754,Kabupaten Probolinggo ka,Jawa Timur,2022,80.2
755,Kabupaten Pasuruan ka,Jawa Timur,2022,90.8
756,Kabupaten Sidoarjo,Jawa Timur,2022,88.2
757,Kabupaten Mojokerto ka,Jawa Timur,2022,97.7
758,Kabupaten Jombang,Jawa Timur,2022,97.3
759,Kabupaten Nganjuk,Jawa Timur,2022,97.7
760,Kabupaten Madiun ka,Jawa Timur,2022,92.2
761,Kabupaten Magetan,Jawa Timur,2022,92.5
762,Kabupaten Ngawi,Jawa Timur,2022,89.9
763,Kabupaten Bojonegoro,Jawa Timur,2022,94.5
764,Kabupaten Tuban,Jawa Timur,2022,95.8
765,Kabupaten Lamongan,Jawa Timur,2022,95.1
766,Kabupaten Gresik,Jawa Timur,2022,92.2
767,Kabupaten Bangkalan,Jawa Timur,2022,80.1
768,Kabupaten Sampang,Jawa Timur,2022,72.2
769,Kabupaten Pamekasan,Jawa Timur,2022,72.6
770,Kabupaten Sumenep,Jawa Timur,2022,99.3
771,Kota Kediri ko,Jawa Timur,2022,95.9
772,Kota Blitar ko,Jawa Timur,2022,92
773,Kota Malang ko,Jawa Timur,2022,91.8
774,Kota Probolinggo ko,Jawa Timur,2022,82
775,Kota Pasuruan ko,Jawa Timur,2022,91.3
776,Kota Mojokerto ko,Jawa Timur,2022,92.1
777,Kota Madiun ko,Jawa Timur,2022,97.2
778,Kota Surabaya,Jawa Timur,2022,93.3
779,Kota Batu,Jawa Timur,2022,87.2
780,Kabupaten Pandeglang,Banten,2022,88.8
781,Kabupaten Lebak,Banten,2022,96.6
782,Kabupaten Tangerang Ka,Banten,2022,92.5
783,Kabupaten Serang Ka,Banten,2022,91.2
784,Kota Tangerang Ko,Banten,2022,94.6
785,Kota Cilegon,Banten,2022,91.1
786,Kota Serang Ko,Banten,2022,91
787,Kota Tangerang Selatan,Banten,2022,91.4
788,Kabupaten Jembrana,Bali,2022,91.2
789,Kabupaten Tabanan,Bali,2022,85.2
790,Kabupaten Badung,Bali,2022,86.3
791,Kabupaten Gianyar,Bali,2022,89.8
792,Kabupaten Klungkung,Bali,2022,87.6
793,Kabupaten Bangli,Bali,2022,91.6
794,Kabupaten Karangasem,Bali,2022,81.9
795,Kabupaten Buleleng,Bali,2022,88.4
796,Kota Denpasar,Bali,2022,87.7
797,Kabupaten Lombok Barat,Nusa Tenggara Barat,2022,93.2
798,Kabupaten Lombok Tengah,Nusa Tenggara Barat,2022,91.7
799,Kabupaten Lombok Timur,Nusa Tenggara Barat,2022,97.9
800,Kabupaten Sumbawa,Nusa Tenggara Barat,2022,86.1
801,Kabupaten Dompu,Nusa Tenggara Barat,2022,86.7
802,Kabupaten Bima ka,Nusa Tenggara Barat,2022,78.6
803,Kabupaten Sumbawa Barat,Nusa Tenggara Barat,2022,91.7
804,Kabupaten Lombok Utara,Nusa Tenggara Barat,2022,97.9
805,Kota Mataram,Nusa Tenggara Barat,2022,89.2
806,Kota Bima ko,Nusa Tenggara Barat,2022,74.4
807,Kabupaten Sumba Barat,Nusa Tenggara Timur,2022,68.2
808,Kabupaten Sumba Timur,Nusa Tenggara Timur,2022,61.9
809,Kabupaten Kupang ka,Nusa Tenggara Timur,2022,66.4
810,Kabupaten Timor Tengah Selatan,Nusa Tenggara Timur,2022,84.1
811,Kabupaten Timor Tengah Utara,Nusa Tenggara Timur,2022,74.8
812,Kabupaten Belu,Nusa Tenggara Timur,2022,76.9
813,Kabupaten Alor,Nusa Tenggara Timur,2022,76.9
814,Kabupaten Lembata,Nusa Tenggara Timur,2022,78.8
815,Kabupaten Flores Timur,Nusa Tenggara Timur,2022,73.1
816,Kabupaten Sikka,Nusa Tenggara Timur,2022,68.7
817,Kabupaten Ende,Nusa Tenggara Timur,2022,81
818,Kabupaten Ngada,Nusa Tenggara Timur,2022,82.2
819,Kabupaten Manggarai,Nusa Tenggara Timur,2022,82.5
820,Kabupaten Rote Ndao,Nusa Tenggara Timur,2022,53.1
821,Kabupaten Manggarai Barat,Nusa Tenggara Timur,2022,76.9
822,Kabupaten Sumba Tengah,Nusa Tenggara Timur,2022,63.3
823,Kabupaten Sumba Barat Daya,Nusa Tenggara Timur,2022,75.9
824,Kabupaten Nagekeo,Nusa Tenggara Timur,2022,79.6
825,Kabupaten Manggarai Timur,Nusa Tenggara Timur,2022,75.5
826,Kabupaten Sabu Raijua,Nusa Tenggara Timur,2022,70.9
827,Kabupaten Malaka,Nusa Tenggara Timur,2022,75.1
828,Kota Kupang ko,Nusa Tenggara Timur,2022,76.6
829,Kabupaten Sambas,Kalimantan Barat,2022,82.8
830,Kabupaten Bengkayang,Kalimantan Barat,2022,86.3
831,Kabupaten Landak,Kalimantan Barat,2022,85.8
832,Kabupaten Mempawah,Kalimantan Barat,2022,77.1
833,Kabupaten Sanggau,Kalimantan Barat,2022,80.4
834,Kabupaten Ketapang,Kalimantan Barat,2022,77
835,Kabupaten Sintang,Kalimantan Barat,2022,80.9
836,Kabupaten Kapuas Hulu,Kalimantan Barat,2022,80.9
837,Kabupaten Sekadau,Kalimantan Barat,2022,82.8
838,Kabupaten Melawi,Kalimantan Barat,2022,83.6
839,Kabupaten Kayong Utara,Kalimantan Barat,2022,86.5
840,Kabupaten Kubu Raya,Kalimantan Barat,2022,74.6
841,Kota Pontianak ko,Kalimantan Barat,2022,82.4
842,Kota Singkawang,Kalimantan Barat,2022,85.7
843,Kabupaten Kotawaringin Barat,Kalimantan Tengah,2022,95.9
844,Kabupaten Kotawaringin Timur,Kalimantan Tengah,2022,86
845,Kabupaten Kapuas,Kalimantan Tengah,2022,86.9
846,Kabupaten Barito Selatan,Kalimantan Tengah,2022,89.5
847,Kabupaten Barito Utara,Kalimantan Tengah,2022,85.3
848,Kabupaten Sukamara,Kalimantan Tengah,2022,94
849,Kabupaten Lamandau,Kalimantan Tengah,2022,93.2
850,Kabupaten Seruyan,Kalimantan Tengah,2022,88.9
851,Kabupaten Katingan,Kalimantan Tengah,2022,88.3
852,Kabupaten Pulang Pisau,Kalimantan Tengah,2022,91.6
853,Kabupaten Gunung Mas,Kalimantan Tengah,2022,79.3
854,Kabupaten Barito Timur,Kalimantan Tengah,2022,85.5
855,Kabupaten Murung Raya,Kalimantan Tengah,2022,79.8
856,Kota Palangka Raya,Kalimantan Tengah,2022,89.6
857,Kabupaten Tanah Laut,Kalimantan Selatan,2022,90.7
858,Kabupaten Kota Baru,Kalimantan Selatan,2022,84.9
859,Kabupaten Banjar,Kalimantan Selatan,2022,86.6
860,Kabupaten Barito Kuala,Kalimantan Selatan,2022,86.9
861,Kabupaten Tapin,Kalimantan Selatan,2022,86.2
862,Hulu Sungai Selatan,Kalimantan Selatan,2022,90
863,Hulu Sungai Tengah,Kalimantan Selatan,2022,86.5
864,Hulu Sungai Utara,Kalimantan Selatan,2022,83.7
865,Kabupaten Tabalong,Kalimantan Selatan,2022,93.3
866,Kabupaten Tanah Bumbu,Kalimantan Selatan,2022,87.4
867,Kabupaten Balangan,Kalimantan Selatan,2022,89.1
868,Kota Banjarmasin,Kalimantan Selatan,2022,86.8
869,Kota Banjar Baru,Kalimantan Selatan,2022,91.7
870,Kabupaten Paser,Kalimantan Timur,2022,86.5
871,Kabupaten Kutai Barat,Kalimantan Timur,2022,79.2
872,Kabupaten Kutai Kertanegara,Kalimantan Timur,2022,85.8
873,Kabupaten Kutai Timur,Kalimantan Timur,2022,87
874,Kabupaten Berau,Kalimantan Timur,2022,89.5
875,Kabupaten Penajam Paser Utara,Kalimantan Timur,2022,83.1
876,Kabupaten Mahakam Ulu,Kalimantan Timur,2022,78.9
877,Kota Balikpapan,Kalimantan Timur,2022,85.2
878,Kota Samarinda,Kalimantan Timur,2022,84.5
879,Kota Bontang,Kalimantan Timur,2022,90.3
880,Kabupaten Malinau,Kalimantan Utara,2022,84.4
881,Kabupaten Bulungan,Kalimantan Utara,2022,83.1
882,Kabupaten Tana Tidung,Kalimantan Utara,2022,79.6
883,Kabupaten Nunukan,Kalimantan Utara,2022,80.9
884,Kota Tarakan,Kalimantan Utara,2022,78.3
885,Kabupaten Bolaang Mongondow,Sulawesi Utara,2022,90.9
886,Kabupaten Minahasa,Sulawesi Utara,2022,90.5
887,Kabupaten Kepulauan Sangihe,Sulawesi Utara,2022,76.7
888,Kabupaten Kepulauan Talaud,Sulawesi Utara,2022,80.4
889,Kabupaten Minahasa Selatan,Sulawesi Utara,2022,91.9
890,Kabupaten Minahasa Utara,Sulawesi Utara,2022,92.5
891,Kabupaten Bolaang Mongondow Utara,Sulawesi Utara,2022,84.6
892,Kabupaten Siau Tagulandang Biaro,Sulawesi Utara,2022,69.1
893,Kabupaten Minahasa Tenggara,Sulawesi Utara,2022,89.2
894,Kabupaten Bolaang Mongondow Selatan,Sulawesi Utara,2022,82.5
895,Kabupaten Bolaang Mongondow Timur,Sulawesi Utara,2022,93.2
896,Kota Manado,Sulawesi Utara,2022,87.2
897,Kota Bitung,Sulawesi Utara,2022,86.4
898,Kota Tomohon,Sulawesi Utara,2022,90.7
899,Kota Kotamobagu,Sulawesi Utara,2022,87.9
900,Kabupaten Banggai Kepulauan,Sulawesi Tengah,2022,74.8
901,Kabupaten Banggai,Sulawesi Tengah,2022,83.8
902,Kabupaten Morowali,Sulawesi Tengah,2022,80.3
903,Kabupaten Poso,Sulawesi Tengah,2022,83.5
904,Kabupaten Donggala,Sulawesi Tengah,2022,76
905,Kabupaten Toli-Toli,Sulawesi Tengah,2022,72.6
906,Kabupaten Buol,Sulawesi Tengah,2022,73.4
907,Kabupaten Parigi Moutong,Sulawesi Tengah,2022,84.8
908,Kabupaten Tojo Una-Una,Sulawesi Tengah,2022,76.4
909,Kabupaten Sigi,Sulawesi Tengah,2022,79
910,Kabupaten Banggai Laut,Sulawesi Tengah,2022,78.6
911,Kabupaten Morowali Utara,Sulawesi Tengah,2022,92.1
912,Kota Palu,Sulawesi Tengah,2022,80.3
913,Kabupaten Kepulauan Selayar,Sulawesi Selatan,2022,81.1
914,Kabupaten Bulukumba,Sulawesi Selatan,2022,89
915,Kabupaten Bantaeng,Sulawesi Selatan,2022,78.5
916,Kabupaten Jeneponto,Sulawesi Selatan,2022,84.1
917,Kabupaten Takalar,Sulawesi Selatan,2022,76.3
918,Kabupaten Gowa,Sulawesi Selatan,2022,78.9
919,Kabupaten Sinjai,Sulawesi Selatan,2022,84.8
920,Kabupaten Maros,Sulawesi Selatan,2022,84.5
921,Kabupaten Pangkajene dan Kepulauan,Sulawesi Selatan,2022,90.2
922,Kabupaten Barru,Sulawesi Selatan,2022,79.8
923,Kabupaten Bone,Sulawesi Selatan,2022,75
924,Kabupaten Soppeng,Sulawesi Selatan,2022,76.9
925,Kabupaten Wajo,Sulawesi Selatan,2022,77.9
926,Kabupaten Sidenreng Rappang,Sulawesi Selatan,2022,81.4
927,Kabupaten Pinrang,Sulawesi Selatan,2022,68
928,Kabupaten Enrekang,Sulawesi Selatan,2022,74.5
929,Kabupaten Luwu,Sulawesi Selatan,2022,78
930,Kabupaten Tana Toraja,Sulawesi Selatan,2022,75.3
931,Kabupaten Luwu Utara,Sulawesi Selatan,2022,91.6
932,Kabupaten Luwu Timur,Sulawesi Selatan,2022,84.3
933,Kabupaten Toraja Utara,Sulawesi Selatan,2022,77.2
934,Kota Makassar,Sulawesi Selatan,2022,89.5
935,Kota Pare-Pare,Sulawesi Selatan,2022,76.2
936,Kota Palopo,Sulawesi Selatan,2022,82.4
937,Kabupaten Buton,Sulawesi Tenggara,2022,86.7
938,Kabupaten Muna,Sulawesi Tenggara,2022,82.8
939,Kabupaten Konawe,Sulawesi Tenggara,2022,76.1
940,Kabupaten Kolaka,Sulawesi Tenggara,2022,68.4
941,Kabupaten Konawe Selatan,Sulawesi Tenggara,2022,67.3
942,Kabupaten Bombana,Sulawesi Tenggara,2022,80.8
943,Kabupaten Wakatobi,Sulawesi Tenggara,2022,76.7
944,Kabupaten Kolaka Utara,Sulawesi Tenggara,2022,86.7
945,Kabupaten Buton Utara,Sulawesi Tenggara,2022,72.1
946,Kabupaten Konawe Utara,Sulawesi Tenggara,2022,84
947,Kabupaten Kolaka Timur,Sulawesi Tenggara,2022,84.9
948,Kabupaten Konawe Kepulauan,Sulawesi Tenggara,2022,73.3
949,Kabupaten Muna Barat,Sulawesi Tenggara,2022,66.6
950,Kabupaten Buton Tengah,Sulawesi Tenggara,2022,70.7
951,Kabupaten Buton Selatan,Sulawesi Tenggara,2022,67.1
952,Kota Kendari,Sulawesi Tenggara,2022,88
953,Kota Bau-Bau,Sulawesi Tenggara,2022,71.4
954,Kabupaten Boalemo,Gorontalo,2022,82.8
955,Kabupaten Gorontalo Ka,Gorontalo,2022,76.1
956,Kabupaten Pohuwato,Gorontalo,2022,70.1
957,Kabupaten Bone Bolango,Gorontalo,2022,75
958,Kabupaten Gorontalo Utara,Gorontalo,2022,77
959,Kota Gorontalo Ko,Gorontalo,2022,79.3
960,Kabupaten Majene,Sulawesi Barat,2022,65.9
961,Kabupaten Polewali Mandar,Sulawesi Barat,2022,81.9
962,Kabupaten Mamasa,Sulawesi Barat,2022,72.5
963,Kabupaten Mamuju,Sulawesi Barat,2022,73.6
964,Kabupaten Mamuju Utara,Sulawesi Barat,2022,79.7
965,Kabupaten Mamuju Tengah,Sulawesi Barat,2022,73.9
966,Kabupaten Kepulauan Tanimbar,Maluku,2022,62.4
967,Kabupaten Maluku Tenggara,Maluku,2022,76
968,Kabupaten Maluku Tengah,Maluku,2022,80.6
969,Kabupaten Buru,Maluku,2022,68.8
970,Kabupaten Kepulauan Aru,Maluku,2022,67.4
971,Kabupaten Seram Bagian Barat,Maluku,2022,78.4
972,Kabupaten Seram Bagian Timur,Maluku,2022,74.7
973,Kabupaten Maluku Barat Daya,Maluku,2022,70.8
974,Kabupaten Buru Selatan,Maluku,2022,67.8
975,Kota Ambon,Maluku,2022,79.7
976,Kota Tual,Maluku,2022,67
977,Kabupaten Halmahera Barat,Maluku Utara,2022,80.4
978,Kabupaten Halmahera Tengah,Maluku Utara,2022,65.3
979,Kabupaten Kepulauan Sula,Maluku Utara,2022,63.4
980,Kabupaten Halmahera Selatan,Maluku Utara,2022,79.9
981,Kabupaten Halmahera Utara,Maluku Utara,2022,81.2
982,Kabupaten Halmahera Timur,Maluku Utara,2022,72.1
983,Kabupaten Pulau Morotai,Maluku Utara,2022,80.9
984,Kabupaten Pulau Taliabu,Maluku Utara,2022,76.7
985,Kota Ternate,Maluku Utara,2022,75.1
986,Kota Tidore Kepulauan,Maluku Utara,2022,79.3
987,Kabupaten Fak-Fak,Papua Barat,2022,88.6
988,Kabupaten Kaimana,Papua Barat,2022,80.2
989,Kabupaten Teluk Wondama,Papua Barat,2022,80.2
990,Kabupaten Teluk Bintuni,Papua Barat,2022,81.1
991,Kabupaten Manokwari,Papua Barat,2022,84.8
992,Kabupaten Sorong Selatan,Papua Barat,2022,59
993,Kabupaten Sorong ka,Papua Barat,2022,90.2
994,Kabupaten Raja Ampat,Papua Barat,2022,73.2
995,Kabupaten Tambrauw,Papua Barat,2022,83.7
996,Kabupaten Maybrat,Papua Barat,2022,72.9
997,Kabupaten Manokwari Selatan,Papua Barat,2022,94.1
998,Kabupaten Pegunungan Arfak,Papua Barat,2022,71.8
999,Kota Sorong ko,Papua Barat,2022,73.8
1000,Kabupaten Merauke,Papua,2022,91.7
1001,Kabupaten Jayawijaya,Papua,2022,71.4
1002,Kabupaten Jayapura ka,Papua,2022,79
1003,Kabupaten Nabire,Papua,2022,79.6
1004,Kabupaten Kepulauan Yapen,Papua,2022,70.4
1005,Kabupaten Biak Numfor,Papua,2022,57.8
1006,Kabupaten Paniai,Papua,2022,69.3
1007,Kabupaten Puncak Jaya,Papua,2022,78.3
1008,Kabupaten Mimika,Papua,2022,81.8
1009,Kabupaten Boven Digoel,Papua,2022,70.6
1010,Kabupaten Mappi,Papua,2022,53
1011,Kabupaten Asmat,Papua,2022,69.8
1012,Kabupaten Yahukimo,Papua,2022,58.9
1013,Kabupaten Pegunungan Bintang,Papua,2022,76.4
1014,Kabupaten Tolikara,Papua,2022,63.1
1015,Kabupaten Sarmi,Papua,2022,77.8
1016,Kabupaten Keerom,Papua,2022,69.8
1017,Kabupaten Waropen,Papua,2022,60.8
1018,Kabupaten Supiori,Papua,2022,80.7
1019,Kabupaten Mamberamo Raya,Papua,2022,78.7
1020,Kabupaten Nduga,Papua,2022,69.6
1021,Kabupaten Lanny Jaya,Papua,2022,72.2
1022,Kabupaten Mamberamo Tengah,Papua,2022,57.3
1023,Kabupaten Yalimo,Papua,2022,72.6
1024,Kabupaten Puncak,Papua,2022,46.8
1025,Kabupaten Dogiyai,Papua,2022,52.9
1026,Kabupaten Intan Jaya,Papua,2022,62.1
1027,Kabupaten Deiyai,Papua,2022,67.4
1028,Kota Jayapura ko,Papua,2022,79.3
1029,Kabupaten Simeulue,Aceh,2023,69.6
1030,Kabupaten Aceh Singkil,Aceh,2023,91.1
1031,Kabupaten Aceh Selatan,Aceh,2023,69.8
1032,Kabupaten Aceh Tenggara,Aceh,2023,82.7
1033,Kabupaten Aceh Timur,Aceh,2023,79.2
1034,Kabupaten Aceh Tengah,Aceh,2023,84.1
1035,Kabupaten Aceh Barat,Aceh,2023,83.4
1036,Kabupaten Aceh Besar,Aceh,2023,75.1
1037,Kabupaten Pidie,Aceh,2023,71.7
1038,Kabupaten Bireuen,Aceh,2023,83.1
1039,Kabupaten Aceh Utara,Aceh,2023,80.8
1040,Kabupaten Aceh Barat Daya,Aceh,2023,72.6
1041,Kabupaten Gayo Lues,Aceh,2023,90
1042,Kabupaten Aceh Tamiang,Aceh,2023,84.5
1043,Kabupaten Nagan Raya,Aceh,2023,98.9
1044,Kabupaten Aceh Jaya,Aceh,2023,84.5
1045,Kabupaten Bener Meriah,Aceh,2023,93.6
1046,Kabupaten Pidie Jaya,Aceh,2023,82.2
1047,Kota Banda Aceh,Aceh,2023,83.8
1048,Kota Sabang,Aceh,2023,89.4
1049,Kota Langsa,Aceh,2023,83.9
1050,Kota Lhokseumawe,Aceh,2023,84.7
1051,Kota Subulussalam,Aceh,2023,87.9
1052,Kabupaten Nias,Sumatera Utara,2023,80.8
1053,Kabupaten Mandailing Natal,Sumatera Utara,2023,86.6
1054,Kabupaten Tapanuli Selatan,Sumatera Utara,2023,84.6
1055,Kabupaten Tapanuli Tengah,Sumatera Utara,2023,77.1
1056,Kabupaten Tapanuli Utara,Sumatera Utara,2023,92.8
1057,Kabupaten Toba Samosir,Sumatera Utara,2023,92.9
1058,Kabupaten Labuhan Batu,Sumatera Utara,2023,85
1059,Kabupaten Asahan,Sumatera Utara,2023,89
1060,Kabupaten Simalungun,Sumatera Utara,2023,93.9
1061,Kabupaten Dairi,Sumatera Utara,2023,85.6
1062,Kabupaten Karo,Sumatera Utara,2023,91.8
1063,Kabupaten Deli Serdang,Sumatera Utara,2023,91.4
1064,Kabupaten Langkat,Sumatera Utara,2023,90.8
1065,Kabupaten Nias Selatan,Sumatera Utara,2023,72.6
1066,Kabupaten Humbang Hasundutan,Sumatera Utara,2023,87.2
1067,Kabupaten Pakpak Bharat,Sumatera Utara,2023,91.7
1068,Kabupaten Samosir,Sumatera Utara,2023,92.5
1069,Kabupaten Serdang Bedagai,Sumatera Utara,2023,90.8
1070,Kabupaten Batu Bara,Sumatera Utara,2023,82.5
1071,Kabupaten Padang Lawas Utara,Sumatera Utara,2023,82.9
1072,Kabupaten Padang Lawas,Sumatera Utara,2023,86
1073,Kabupaten Labuhan Batu Selatan,Sumatera Utara,2023,86.6
1074,Kabupaten Labuhan Batu Utara,Sumatera Utara,2023,84.7
1075,Kabupaten Nias Utara,Sumatera Utara,2023,72.8
1076,Kabupaten Nias Barat,Sumatera Utara,2023,75.2
1077,Kota Sibolga,Sumatera Utara,2023,79.3
1078,Kota Tanjung Balai,Sumatera Utara,2023,89.1
1079,Kota Pematang Siantar,Sumatera Utara,2023,93.2
1080,Kota Tebing Tinggi,Sumatera Utara,2023,91.4
1081,Kota Medan,Sumatera Utara,2023,91.8
1082,Kota Binjai,Sumatera Utara,2023,89
1083,Kota Padangsidimpuan,Sumatera Utara,2023,93
1084,Kota Gunungsitoli,Sumatera Utara,2023,69.6
1085,Kabupaten Kepulauan Mentawai,Sumatera Barat,2023,88.4
1086,Kabupaten Pesisir Selatan,Sumatera Barat,2023,88.1
1087,Kabupaten Solok ka,Sumatera Barat,2023,90.5
1088,Kabupaten Sijunjung,Sumatera Barat,2023,92.6
1089,Kabupaten Tanah Datar,Sumatera Barat,2023,89
1090,Kabupaten Padang Pariaman,Sumatera Barat,2023,81.4
1091,Kabupaten Agam,Sumatera Barat,2023,85.7
1092,Kabupaten Lima Puluh Kota,Sumatera Barat,2023,92.9
1093,Kabupaten Pasaman,Sumatera Barat,2023,89.7
1094,Kabupaten Solok Selatan,Sumatera Barat,2023,95.4
1095,Kabupaten Dharmasraya,Sumatera Barat,2023,91.2
1096,Kabupaten Pasaman Barat,Sumatera Barat,2023,84.6
1097,Kota Padang,Sumatera Barat,2023,87.8
1098,Kota Solok ko,Sumatera Barat,2023,93.1
1099,Kota Sawah Lunto,Sumatera Barat,2023,91.1
1100,Kota Padang Panjang,Sumatera Barat,2023,85.4
1101,Kota Bukittinggi,Sumatera Barat,2023,86.9
1102,Kota Payakumbuh,Sumatera Barat,2023,87.7
1103,Kota Pariaman,Sumatera Barat,2023,88.9
1104,Kabupaten Kuantan Singingi,Riau,2023,89.4
1105,Kabupaten Indragiri Hulu,Riau,2023,92.7
1106,Kabupaten Indragiri Hilir,Riau,2023,85.3
1107,Kabupaten Pelalawan,Riau,2023,90.7
1108,Kabupaten Siak,Riau,2023,93.8
1109,Kabupaten Kampar,Riau,2023,90.4
1110,Kabupaten Rokan Hulu,Riau,2023,91.8
1111,Kabupaten Bengkalis,Riau,2023,89.7
1112,Kabupaten Rokan Hilir,Riau,2023,84.6
1113,Kabupaten Kepulauan Meranti,Riau,2023,86
1114,Kota Pekanbaru,Riau,2023,83.1
1115,Kota Dumai,Riau,2023,87.9
1116,Kabupaten Kerinci,Jambi,2023,93.3
1117,Kabupaten Merangin,Jambi,2023,84.7
1118,Kabupaten Sarolangun,Jambi,2023,89.5
1119,Kabupaten Batang Hari,Jambi,2023,93.3
1120,Kabupaten Muaro Jambi,Jambi,2023,95
1121,Kabupaten Tanjung Jabung Timur,Jambi,2023,95.1
1122,Kabupaten Tanjung Jabung Barat,Jambi,2023,87.6
1123,Kabupaten Tebo,Jambi,2023,87.6
1124,Kabupaten Bungo,Jambi,2023,92.5
1125,Kota Jambi,Jambi,2023,90.4
1126,Kota Sungai Penuh,Jambi,2023,89.9
1127,Kabupaten Ogan Komering Ulu,Sumatera Selatan,2023,91
1128,Kabupaten Ogan Komering Ilir,Sumatera Selatan,2023,94.6
1129,Kabupaten Muara Enim,Sumatera Selatan,2023,91.6
1130,Kabupaten Lahat,Sumatera Selatan,2023,95.6
1131,Kabupaten Musi Rawas,Sumatera Selatan,2023,93.9
1132,Kabupaten Musi Banyuasin,Sumatera Selatan,2023,92.9
1133,Kabupaten Banyuasin,Sumatera Selatan,2023,94.8
1134,Kabupaten Ogan Komering Ulu Selatan,Sumatera Selatan,2023,88.1
1135,Kabupaten Ogan Komering Ulu Timur,Sumatera Selatan,2023,92.7
1136,Kabupaten Ogan Ilir,Sumatera Selatan,2023,93.2
1137,Kabupaten Empat Lawang,Sumatera Selatan,2023,90.8
1138,Kabupaten Penukal Abab Lematang Ilir,Sumatera Selatan,2023,85.7
1139,Kabupaten Musi Rawas Utara,Sumatera Selatan,2023,92
1140,Kota Palembang,Sumatera Selatan,2023,93.6
1141,Kota Prabumulih,Sumatera Selatan,2023,93.1
1142,Kota Pagar Alam,Sumatera Selatan,2023,92.6
1143,Kota Lubuklinggau,Sumatera Selatan,2023,93.2
1144,Kabupaten Bengkulu Selatan,Bengkulu,2023,90.9
1145,Kabupaten Rejang Lebong,Bengkulu,2023,89.4
1146,Kabupaten Bengkulu Utara,Bengkulu,2023,88
1147,Kabupaten Kaur,Bengkulu,2023,86.5
1148,Kabupaten Seluma,Bengkulu,2023,86.7
1149,Kabupaten Mukomuko,Bengkulu,2023,88.5
1150,Kabupaten Lebong,Bengkulu,2023,87.3
1151,Kabupaten Kepahiang,Bengkulu,2023,85.7
1152,Kabupaten Bengkulu Tengah,Bengkulu,2023,90.9
1153,Kota Bengkulu,Bengkulu,2023,86.2
1154,Kabupaten Lampung Barat,Lampung,2023,89.3
1155,Kabupaten Tanggamus,Lampung,2023,91.5
1156,Kabupaten Lampung Selatan,Lampung,2023,94.8
1157,Kabupaten Lampung Timur,Lampung,2023,91.3
1158,Kabupaten Lampung Tengah,Lampung,2023,84.3
1159,Kabupaten Lampung Utara,Lampung,2023,91.2
1160,Kabupaten Way Kanan,Lampung,2023,92
1161,Kabupaten Tulang Bawang,Lampung,2023,88.6
1162,Kabupaten Pesawaran,Lampung,2023,93.9
1163,Kabupaten Pringsewu,Lampung,2023,90.5
1164,Kabupaten Mesuji,Lampung,2023,90.4
1165,Kabupaten Tulang Bawang Barat,Lampung,2023,83.1
1166,Kabupaten Pesisir Barat,Lampung,2023,84.3
1167,Kota Bandar Lampung,Lampung,2023,93.3
1168,Kota Metro,Lampung,2023,91.2
1169,Kabupaten Bangka,Kepulauan Bangka Belitung,2023,91.8
1170,Kabupaten Belitung,Kepulauan Bangka Belitung,2023,81.9
1171,Kabupaten Bangka Barat,Kepulauan Bangka Belitung,2023,86.6
1172,Kabupaten Bangka Tengah,Kepulauan Bangka Belitung,2023,91.1
1173,Kabupaten Bangka Selatan,Kepulauan Bangka Belitung,2023,87.4
1174,Kabupaten Belitung Timur,Kepulauan Bangka Belitung,2023,80.7
1175,Kota Pangkal Pinang,Kepulauan Bangka Belitung,2023,91.5
1176,Kabupaten Karimun,Kepulauan Riau,2023,88.7
1177,Kabupaten Bintan,Kepulauan Riau,2023,87.7
1178,Kabupaten Natuna,Kepulauan Riau,2023,87.3
1179,Kabupaten Lingga,Kepulauan Riau,2023,78.9
1180,Kabupaten Kepulauan Anambas,Kepulauan Riau,2023,78.7
1181,Kota Batam,Kepulauan Riau,2023,91
1182,Kota Tanjung Pinang,Kepulauan Riau,2023,91.1
1183,Kabupaten Kepulauan Seribu,DKI Jakarta,2023,82.6
1184,Kota Jakarta Selatan,DKI Jakarta,2023,93.2
1185,Kota Jakarta Timur,DKI Jakarta,2023,92.4
1186,Kota Jakarta Pusat,DKI Jakarta,2023,91.1
1187,Kota Jakarta Barat,DKI Jakarta,2023,88.6
1188,Kota Jakarta Utara,DKI Jakarta,2023,95.5
1189,Kabupaten Bogor Ka,Jawa Barat,2023,84.9
1190,Kabupaten Sukabumi ka,Jawa Barat,2023,95.1
1191,Kabupaten Cianjur,Jawa Barat,2023,90
1192,Kabupaten Bandung Ka,Jawa Barat,2023,85.6
1193,Kabupaten Garut,Jawa Barat,2023,91.7
1194,Kabupaten Tasikmalaya ka,Jawa Barat,2023,90
1195,Kabupaten Ciamis,Jawa Barat,2023,95.5
1196,Kabupaten Kuningan,Jawa Barat,2023,93.8
1197,Kabupaten Cirebon Ka,Jawa Barat,2023,92.8
1198,Kabupaten Majalengka,Jawa Barat,2023,94.6
1199,Kabupaten Sumedang,Jawa Barat,2023,94.5
1200,Kabupaten Indramayu,Jawa Barat,2023,96.6
1201,Kabupaten Subang,Jawa Barat,2023,94.8
1202,Kabupaten Purwakarta,Jawa Barat,2023,92.6
1203,Kabupaten Karawang,Jawa Barat,2023,92.8
1204,Kabupaten Bekasi Ka,Jawa Barat,2023,88.9
1205,Kabupaten Bandung Barat,Jawa Barat,2023,92.1
1206,Kabupaten Pangandaran,Jawa Barat,2023,94.9
1207,Kota Bogor Ko,Jawa Barat,2023,89.8
1208,Kota Sukabumi ko,Jawa Barat,2023,90.1
1209,Kota Bandung Ko,Jawa Barat,2023,90.7
1210,Kota Cirebon Ko,Jawa Barat,2023,92.8
1211,Kota Bekasi Ko,Jawa Barat,2023,91.8
1212,Kota Depok,Jawa Barat,2023,88.5
1213,Kota Cimahi,Jawa Barat,2023,90.1
1214,Kota Tasikmalaya ko,Jawa Barat,2023,94.3
1215,Kota Banjar,Jawa Barat,2023,95.7
1216,Kabupaten Cilacap,Jawa Tengah,2023,89.3
1217,Kabupaten Banyumas,Jawa Tengah,2023,92.6
1218,Kabupaten  Purbalingga,Jawa Tengah,2023,90.7
1219,Kabupaten Banjarnegara,Jawa Tengah,2023,96.2
1220,Kabupaten Kebumen,Jawa Tengah,2023,91.9
1221,Kabupaten Purworejo,Jawa Tengah,2023,90.4
1222,Kabupaten Wonosobo,Jawa Tengah,2023,99.2
1223,Kabupaten Magelang ka,Jawa Tengah,2023,92.1
1224,Kabupaten Boyolali,Jawa Tengah,2023,91.1
1225,Kabupaten Klaten,Jawa Tengah,2023,89.6
1226,Kabupaten Sukoharjo,Jawa Tengah,2023,91
1227,Kabupaten Wonogiri,Jawa Tengah,2023,93.9
1228,Kabupaten Karanganyar,Jawa Tengah,2023,88.7
1229,Kabupaten Sragen,Jawa Tengah,2023,95.8
1230,Kabupaten Grobogan,Jawa Tengah,2023,92.5
1231,Kabupaten Blora,Jawa Tengah,2023,89.9
1232,Kabupaten Rembang,Jawa Tengah,2023,94.9
1233,Kabupaten Pati,Jawa Tengah,2023,93.9
1234,Kabupaten Kudus,Jawa Tengah,2023,93.3
1235,Kabupaten Jepara,Jawa Tengah,2023,93
1236,Kabupaten Demak,Jawa Tengah,2023,95.8
1237,Kabupaten Semarang ka,Jawa Tengah,2023,94.3
1238,Kabupaten Temanggung,Jawa Tengah,2023,93.5
1239,Kabupaten Kendal,Jawa Tengah,2023,96.9
1240,Kabupaten Batang ,Jawa Tengah,2023,96.3
1241,Kabupaten Pekalongan ka,Jawa Tengah,2023,96.8
1242,Kabupaten Pemalang,Jawa Tengah,2023,96.3
1243,Kabupaten Tegal ka,Jawa Tengah,2023,91
1244,Kabupaten Brebes,Jawa Tengah,2023,95.7
1245,Kota Magelang ko,Jawa Tengah,2023,88.4
1246,Kota Surakarta,Jawa Tengah,2023,94
1247,Kota Salatiga,Jawa Tengah,2023,92.4
1248,Kota Semarang ko,Jawa Tengah,2023,88.5
1249,Kota Pekalongan ko,Jawa Tengah,2023,93.7
1250,Kota Tegal ko,Jawa Tengah,2023,94
1251,Kabupaten Kulon Progo,DI Yogyakarta,2023,91.5
1252,Kabupaten Bantul,DI Yogyakarta,2023,95.8
1253,Kabupaten Gunung Kidul,DI Yogyakarta,2023,93.1
1254,Kabupaten Sleman,DI Yogyakarta,2023,96.2
1255,Kota Yogyakarta,DI Yogyakarta,2023,93
1256,Kabupaten Pacitan,Jawa Timur,2023,90.4
1257,Kabupaten Ponorogo,Jawa Timur,2023,91.6
1258,Kabupaten Trenggalek,Jawa Timur,2023,87.2
1259,Kabupaten Tulungagung,Jawa Timur,2023,93.1
1260,Kabupaten Blitar ka,Jawa Timur,2023,87.5
1261,Kabupaten Kediri ka,Jawa Timur,2023,94.4
1262,Kabupaten Malang ka,Jawa Timur,2023,91.1
1263,Kabupaten Lumajang,Jawa Timur,2023,97.4
1264,Kabupaten Jember,Jawa Timur,2023,92.7
1265,Kabupaten Banyuwangi,Jawa Timur,2023,91.4
1266,Kabupaten Bondowoso,Jawa Timur,2023,86.4
1267,Kabupaten Situbondo,Jawa Timur,2023,88.8
1268,Kabupaten Probolinggo ka,Jawa Timur,2023,81
1269,Kabupaten Pasuruan ka,Jawa Timur,2023,93.5
1270,Kabupaten Sidoarjo,Jawa Timur,2023,90.3
1271,Kabupaten Mojokerto ka,Jawa Timur,2023,95.7
1272,Kabupaten Jombang,Jawa Timur,2023,95.2
1273,Kabupaten Nganjuk,Jawa Timur,2023,92.9
1274,Kabupaten Madiun ka,Jawa Timur,2023,93.1
1275,Kabupaten Magetan,Jawa Timur,2023,91.6
1276,Kabupaten Ngawi,Jawa Timur,2023,92.5
1277,Kabupaten Bojonegoro,Jawa Timur,2023,89.7
1278,Kabupaten Tuban,Jawa Timur,2023,94.7
1279,Kabupaten Lamongan,Jawa Timur,2023,94.9
1280,Kabupaten Gresik,Jawa Timur,2023,94
1281,Kabupaten Bangkalan,Jawa Timur,2023,78.8
1282,Kabupaten Sampang,Jawa Timur,2023,73.2
1283,Kabupaten Pamekasan,Jawa Timur,2023,75.6
1284,Kabupaten Sumenep,Jawa Timur,2023,99.5
1285,Kota Kediri ko,Jawa Timur,2023,94.8
1286,Kota Blitar ko,Jawa Timur,2023,89.9
1287,Kota Malang ko,Jawa Timur,2023,87.6
1288,Kota Probolinggo ko,Jawa Timur,2023,81.4
1289,Kota Pasuruan ko,Jawa Timur,2023,95.5
1290,Kota Mojokerto ko,Jawa Timur,2023,90.8
1291,Kota Madiun ko,Jawa Timur,2023,96.4
1292,Kota Surabaya,Jawa Timur,2023,93.9
1293,Kota Batu,Jawa Timur,2023,92.2
1294,Kabupaten Pandeglang,Banten,2023,81.5
1295,Kabupaten Lebak,Banten,2023,93.3
1296,Kabupaten Tangerang Ka,Banten,2023,91.6
1297,Kabupaten Serang Ka,Banten,2023,93.3
1298,Kota Tangerang Ko,Banten,2023,94.5
1299,Kota Cilegon,Banten,2023,90.2
1300,Kota Serang Ko,Banten,2023,91.5
1301,Kota Tangerang Selatan,Banten,2023,89.5
1302,Kabupaten Jembrana,Bali,2023,92.6
1303,Kabupaten Tabanan,Bali,2023,93.2
1304,Kabupaten Badung,Bali,2023,91.9
1305,Kabupaten Gianyar,Bali,2023,91.9
1306,Kabupaten Klungkung,Bali,2023,91.8
1307,Kabupaten Bangli,Bali,2023,91.7
1308,Kabupaten Karangasem,Bali,2023,76.8
1309,Kabupaten Buleleng,Bali,2023,86.4
1310,Kota Denpasar,Bali,2023,87.7
1311,Kabupaten Lombok Barat,Nusa Tenggara Barat,2023,95.1
1312,Kabupaten Lombok Tengah,Nusa Tenggara Barat,2023,95
1313,Kabupaten Lombok Timur,Nusa Tenggara Barat,2023,98.1
1314,Kabupaten Sumbawa,Nusa Tenggara Barat,2023,89.5
1315,Kabupaten Dompu,Nusa Tenggara Barat,2023,90.2
1316,Kabupaten Bima ka,Nusa Tenggara Barat,2023,80.3
1317,Kabupaten Sumbawa Barat,Nusa Tenggara Barat,2023,91.1
1318,Kabupaten Lombok Utara,Nusa Tenggara Barat,2023,95.3
1319,Kota Mataram,Nusa Tenggara Barat,2023,96.3
1320,Kota Bima ko,Nusa Tenggara Barat,2023,82.2
1321,Kabupaten Sumba Barat,Nusa Tenggara Timur,2023,77.8
1322,Kabupaten Sumba Timur,Nusa Tenggara Timur,2023,68
1323,Kabupaten Kupang ka,Nusa Tenggara Timur,2023,70.3
1324,Kabupaten Timor Tengah Selatan,Nusa Tenggara Timur,2023,80.5
1325,Kabupaten Timor Tengah Utara,Nusa Tenggara Timur,2023,74.9
1326,Kabupaten Belu,Nusa Tenggara Timur,2023,68.1
1327,Kabupaten Alor,Nusa Tenggara Timur,2023,79.9
1328,Kabupaten Lembata,Nusa Tenggara Timur,2023,79.1
1329,Kabupaten Flores Timur,Nusa Tenggara Timur,2023,74.6
1330,Kabupaten Sikka,Nusa Tenggara Timur,2023,69.7
1331,Kabupaten Ende,Nusa Tenggara Timur,2023,77.9
1332,Kabupaten Ngada,Nusa Tenggara Timur,2023,83.9
1333,Kabupaten Manggarai,Nusa Tenggara Timur,2023,77.2
1334,Kabupaten Rote Ndao,Nusa Tenggara Timur,2023,56.4
1335,Kabupaten Manggarai Barat,Nusa Tenggara Timur,2023,75.3
1336,Kabupaten Sumba Tengah,Nusa Tenggara Timur,2023,71.1
1337,Kabupaten Sumba Barat Daya,Nusa Tenggara Timur,2023,69.6
1338,Kabupaten Nagekeo,Nusa Tenggara Timur,2023,71.2
1339,Kabupaten Manggarai Timur,Nusa Tenggara Timur,2023,65.5
1340,Kabupaten Sabu Raijua,Nusa Tenggara Timur,2023,75.4
1341,Kabupaten Malaka,Nusa Tenggara Timur,2023,77
1342,Kota Kupang ko,Nusa Tenggara Timur,2023,75.9
1343,Kabupaten Sambas,Kalimantan Barat,2023,86
1344,Kabupaten Bengkayang,Kalimantan Barat,2023,84.7
1345,Kabupaten Landak,Kalimantan Barat,2023,86.5
1346,Kabupaten Mempawah,Kalimantan Barat,2023,81.9
1347,Kabupaten Sanggau,Kalimantan Barat,2023,75.8
1348,Kabupaten Ketapang,Kalimantan Barat,2023,81.9
1349,Kabupaten Sintang,Kalimantan Barat,2023,84.1
1350,Kabupaten Kapuas Hulu,Kalimantan Barat,2023,87.2
1351,Kabupaten Sekadau,Kalimantan Barat,2023,80.9
1352,Kabupaten Melawi,Kalimantan Barat,2023,80
1353,Kabupaten Kayong Utara,Kalimantan Barat,2023,84.4
1354,Kabupaten Kubu Raya,Kalimantan Barat,2023,72.6
1355,Kota Pontianak ko,Kalimantan Barat,2023,82
1356,Kota Singkawang,Kalimantan Barat,2023,83.2
1357,Kabupaten Kotawaringin Barat,Kalimantan Tengah,2023,94.3
1358,Kabupaten Kotawaringin Timur,Kalimantan Tengah,2023,88.6
1359,Kabupaten Kapuas,Kalimantan Tengah,2023,85.1
1360,Kabupaten Barito Selatan,Kalimantan Tengah,2023,84.2
1361,Kabupaten Barito Utara,Kalimantan Tengah,2023,79.8
1362,Kabupaten Sukamara,Kalimantan Tengah,2023,92.2
1363,Kabupaten Lamandau,Kalimantan Tengah,2023,94.1
1364,Kabupaten Seruyan,Kalimantan Tengah,2023,88.1
1365,Kabupaten Katingan,Kalimantan Tengah,2023,86
1366,Kabupaten Pulang Pisau,Kalimantan Tengah,2023,94.5
1367,Kabupaten Gunung Mas,Kalimantan Tengah,2023,80.6
1368,Kabupaten Barito Timur,Kalimantan Tengah,2023,85.6
1369,Kabupaten Murung Raya,Kalimantan Tengah,2023,79.8
1370,Kota Palangka Raya,Kalimantan Tengah,2023,92.2
1371,Kabupaten Tanah Laut,Kalimantan Selatan,2023,89.7
1372,Kabupaten Kota Baru,Kalimantan Selatan,2023,84.3
1373,Kabupaten Banjar,Kalimantan Selatan,2023,85.6
1374,Kabupaten Barito Kuala,Kalimantan Selatan,2023,87.8
1375,Kabupaten Tapin,Kalimantan Selatan,2023,90.1
1376,Hulu Sungai Selatan,Kalimantan Selatan,2023,90.8
1377,Hulu Sungai Tengah,Kalimantan Selatan,2023,94.1
1378,Hulu Sungai Utara,Kalimantan Selatan,2023,82.3
1379,Kabupaten Tabalong,Kalimantan Selatan,2023,86.6
1380,Kabupaten Tanah Bumbu,Kalimantan Selatan,2023,90.1
1381,Kabupaten Balangan,Kalimantan Selatan,2023,86.7
1382,Kota Banjarmasin,Kalimantan Selatan,2023,86.2
1383,Kota Banjar Baru,Kalimantan Selatan,2023,90.2
1384,Kabupaten Paser,Kalimantan Timur,2023,89
1385,Kabupaten Kutai Barat,Kalimantan Timur,2023,87.4
1386,Kabupaten Kutai Kertanegara,Kalimantan Timur,2023,88.6
1387,Kabupaten Kutai Timur,Kalimantan Timur,2023,88.1
1388,Kabupaten Berau,Kalimantan Timur,2023,86.9
1389,Kabupaten Penajam Paser Utara,Kalimantan Timur,2023,82.9
1390,Kabupaten Mahakam Ulu,Kalimantan Timur,2023,84.2
1391,Kota Balikpapan,Kalimantan Timur,2023,88.6
1392,Kota Samarinda,Kalimantan Timur,2023,84.8
1393,Kota Bontang,Kalimantan Timur,2023,86.7
1394,Kabupaten Malinau,Kalimantan Utara,2023,81.3
1395,Kabupaten Bulungan,Kalimantan Utara,2023,92
1396,Kabupaten Tana Tidung,Kalimantan Utara,2023,80.3
1397,Kabupaten Nunukan,Kalimantan Utara,2023,80.1
1398,Kota Tarakan,Kalimantan Utara,2023,80.7
1399,Kabupaten Bolaang Mongondow,Sulawesi Utara,2023,82.9
1400,Kabupaten Minahasa,Sulawesi Utara,2023,92
1401,Kabupaten Kepulauan Sangihe,Sulawesi Utara,2023,75.4
1402,Kabupaten Kepulauan Talaud,Sulawesi Utara,2023,80.2
1403,Kabupaten Minahasa Selatan,Sulawesi Utara,2023,86.8
1404,Kabupaten Minahasa Utara,Sulawesi Utara,2023,86.5
1405,Kabupaten Bolaang Mongondow Utara,Sulawesi Utara,2023,77.1
1406,Kabupaten Siau Tagulandang Biaro,Sulawesi Utara,2023,76
1407,Kabupaten Minahasa Tenggara,Sulawesi Utara,2023,84.9
1408,Kabupaten Bolaang Mongondow Selatan,Sulawesi Utara,2023,79.6
1409,Kabupaten Bolaang Mongondow Timur,Sulawesi Utara,2023,87
1410,Kota Manado,Sulawesi Utara,2023,83.6
1411,Kota Bitung,Sulawesi Utara,2023,87.8
1412,Kota Tomohon,Sulawesi Utara,2023,92.5
1413,Kota Kotamobagu,Sulawesi Utara,2023,88.2
1414,Kabupaten Banggai Kepulauan,Sulawesi Tengah,2023,77.5
1415,Kabupaten Banggai,Sulawesi Tengah,2023,82.8
1416,Kabupaten Morowali,Sulawesi Tengah,2023,86.8
1417,Kabupaten Poso,Sulawesi Tengah,2023,87.5
1418,Kabupaten Donggala,Sulawesi Tengah,2023,84.9
1419,Kabupaten Toli-Toli,Sulawesi Tengah,2023,68.9
1420,Kabupaten Buol,Sulawesi Tengah,2023,73.5
1421,Kabupaten Parigi Moutong,Sulawesi Tengah,2023,79.8
1422,Kabupaten Tojo Una-Una,Sulawesi Tengah,2023,76.4
1423,Kabupaten Sigi,Sulawesi Tengah,2023,80.1
1424,Kabupaten Banggai Laut,Sulawesi Tengah,2023,74.7
1425,Kabupaten Morowali Utara,Sulawesi Tengah,2023,84.4
1426,Kota Palu,Sulawesi Tengah,2023,82
1427,Kabupaten Kepulauan Selayar,Sulawesi Selatan,2023,79.8
1428,Kabupaten Bulukumba,Sulawesi Selatan,2023,85.7
1429,Kabupaten Bantaeng,Sulawesi Selatan,2023,84.7
1430,Kabupaten Jeneponto,Sulawesi Selatan,2023,87.5
1431,Kabupaten Takalar,Sulawesi Selatan,2023,93.5
1432,Kabupaten Gowa,Sulawesi Selatan,2023,85.2
1433,Kabupaten Sinjai,Sulawesi Selatan,2023,88.8
1434,Kabupaten Maros,Sulawesi Selatan,2023,88.3
1435,Kabupaten Pangkajene dan Kepulauan,Sulawesi Selatan,2023,92.5
1436,Kabupaten Barru,Sulawesi Selatan,2023,82
1437,Kabupaten Bone,Sulawesi Selatan,2023,72.2
1438,Kabupaten Soppeng,Sulawesi Selatan,2023,81.1
1439,Kabupaten Wajo,Sulawesi Selatan,2023,85.4
1440,Kabupaten Sidenreng Rappang,Sulawesi Selatan,2023,80.1
1441,Kabupaten Pinrang,Sulawesi Selatan,2023,82.6
1442,Kabupaten Enrekang,Sulawesi Selatan,2023,85.1
1443,Kabupaten Luwu,Sulawesi Selatan,2023,88
1444,Kabupaten Tana Toraja,Sulawesi Selatan,2023,88.3
1445,Kabupaten Luwu Utara,Sulawesi Selatan,2023,92.9
1446,Kabupaten Luwu Timur,Sulawesi Selatan,2023,90.4
1447,Kabupaten Toraja Utara,Sulawesi Selatan,2023,81.1
1448,Kota Makassar,Sulawesi Selatan,2023,85.2
1449,Kota Pare-Pare,Sulawesi Selatan,2023,85.7
1450,Kota Palopo,Sulawesi Selatan,2023,85.5
1451,Kabupaten Buton,Sulawesi Tenggara,2023,78.3
1452,Kabupaten Muna,Sulawesi Tenggara,2023,70.3
1453,Kabupaten Konawe,Sulawesi Tenggara,2023,85.5
1454,Kabupaten Kolaka,Sulawesi Tenggara,2023,90
1455,Kabupaten Konawe Selatan,Sulawesi Tenggara,2023,83.5
1456,Kabupaten Bombana,Sulawesi Tenggara,2023,75.5
1457,Kabupaten Wakatobi,Sulawesi Tenggara,2023,78.7
1458,Kabupaten Kolaka Utara,Sulawesi Tenggara,2023,84.1
1459,Kabupaten Buton Utara,Sulawesi Tenggara,2023,71.8
1460,Kabupaten Konawe Utara,Sulawesi Tenggara,2023,76.8
1461,Kabupaten Kolaka Timur,Sulawesi Tenggara,2023,82.2
1462,Kabupaten Konawe Kepulauan,Sulawesi Tenggara,2023,73.3
1463,Kabupaten Muna Barat,Sulawesi Tenggara,2023,72.1
1464,Kabupaten Buton Tengah,Sulawesi Tenggara,2023,72.3
1465,Kabupaten Buton Selatan,Sulawesi Tenggara,2023,73
1466,Kota Kendari,Sulawesi Tenggara,2023,91.1
1467,Kota Bau-Bau,Sulawesi Tenggara,2023,68.2
1468,Kabupaten Boalemo,Gorontalo,2023,81.8
1469,Kabupaten Gorontalo Ka,Gorontalo,2023,79.6
1470,Kabupaten Pohuwato,Gorontalo,2023,67.3
1471,Kabupaten Bone Bolango,Gorontalo,2023,91
1472,Kabupaten Gorontalo Utara,Gorontalo,2023,77.5
1473,Kota Gorontalo Ko,Gorontalo,2023,74.8
1474,Kabupaten Majene,Sulawesi Barat,2023,70.5
1475,Kabupaten Polewali Mandar,Sulawesi Barat,2023,78.8
1476,Kabupaten Mamasa,Sulawesi Barat,2023,68.8
1477,Kabupaten Mamuju,Sulawesi Barat,2023,73.5
1478,Kabupaten Mamuju Utara,Sulawesi Barat,2023,79.3
1479,Kabupaten Mamuju Tengah,Sulawesi Barat,2023,68.9
1480,Kabupaten Kepulauan Tanimbar,Maluku,2023,68
1481,Kabupaten Maluku Tenggara,Maluku,2023,72.5
1482,Kabupaten Maluku Tengah,Maluku,2023,83.3
1483,Kabupaten Buru,Maluku,2023,73.7
1484,Kabupaten Kepulauan Aru,Maluku,2023,63.9
1485,Kabupaten Seram Bagian Barat,Maluku,2023,79.6
1486,Kabupaten Seram Bagian Timur,Maluku,2023,77
1487,Kabupaten Maluku Barat Daya,Maluku,2023,82.6
1488,Kabupaten Buru Selatan,Maluku,2023,64.8
1489,Kota Ambon,Maluku,2023,72.7
1490,Kota Tual,Maluku,2023,66.2
1491,Kabupaten Halmahera Barat,Maluku Utara,2023,80.5
1492,Kabupaten Halmahera Tengah,Maluku Utara,2023,70.9
1493,Kabupaten Kepulauan Sula,Maluku Utara,2023,56.9
1494,Kabupaten Halmahera Selatan,Maluku Utara,2023,80.7
1495,Kabupaten Halmahera Utara,Maluku Utara,2023,77.3
1496,Kabupaten Halmahera Timur,Maluku Utara,2023,68.3
1497,Kabupaten Pulau Morotai,Maluku Utara,2023,86.9
1498,Kabupaten Pulau Taliabu,Maluku Utara,2023,75.4
1499,Kota Ternate,Maluku Utara,2023,75.8
1500,Kota Tidore Kepulauan,Maluku Utara,2023,82.8
1501,Kabupaten Fak-Fak,Papua Barat,2023,76.2
1502,Kabupaten Kaimana,Papua Barat,2023,84.7
1503,Kabupaten Teluk Wondama,Papua Barat,2023,76.2
1504,Kabupaten Teluk Bintuni,Papua Barat,2023,88.7
1505,Kabupaten Manokwari,Papua Barat,2023,82
1506,Kabupaten Sorong Selatan,Papua Barat,2023,64.5
1507,Kabupaten Sorong ka,Papua Barat,2023,85.4
1508,Kabupaten Raja Ampat,Papua Barat,2023,77.7
1509,Kabupaten Tambrauw,Papua Barat,2023,80.7
1510,Kabupaten Maybrat,Papua Barat,2023,69.7
1511,Kabupaten Manokwari Selatan,Papua Barat,2023,82.5
1512,Kabupaten Pegunungan Arfak,Papua Barat,2023,72.2
1513,Kota Sorong ko,Papua Barat,2023,77.7
1514,Kabupaten Merauke,Papua,2023,85.9
1515,Kabupaten Jayawijaya,Papua,2023,73
1516,Kabupaten Jayapura ka,Papua,2023,90.3
1517,Kabupaten Nabire,Papua,2023,82.1
1518,Kabupaten Kepulauan Yapen,Papua,2023,76.9
1519,Kabupaten Biak Numfor,Papua,2023,59.9
1520,Kabupaten Paniai,Papua,2023,82.2
1521,Kabupaten Puncak Jaya,Papua,2023,67.2
1522,Kabupaten Mimika,Papua,2023,77.7
1523,Kabupaten Boven Digoel,Papua,2023,74.7
1524,Kabupaten Mappi,Papua,2023,60.2
1525,Kabupaten Asmat,Papua,2023,69.5
1526,Kabupaten Yahukimo,Papua,2023,64.4
1527,Kabupaten Pegunungan Bintang,Papua,2023,50.7
1528,Kabupaten Tolikara,Papua,2023,61
1529,Kabupaten Sarmi,Papua,2023,80.5
1530,Kabupaten Keerom,Papua,2023,71.6
1531,Kabupaten Waropen,Papua,2023,65.4
1532,Kabupaten Supiori,Papua,2023,77.2
1533,Kabupaten Mamberamo Raya,Papua,2023,83.2
1534,Kabupaten Nduga,Papua,2023,53.5
1535,Kabupaten Lanny Jaya,Papua,2023,80.1
1536,Kabupaten Mamberamo Tengah,Papua,2023,56.8
1537,Kabupaten Yalimo,Papua,2023,70.7
1538,Kabupaten Puncak,Papua,2023,50.7
1539,Kabupaten Dogiyai,Papua,2023,79.7
1540,Kabupaten Intan Jaya,Papua,2023,81.6
1541,Kabupaten Deiyai,Papua,2023,77.9
1542,Kota Jayapura ko,Papua,2023,80.8
1543,Kabupaten Simeulue,Aceh,2024,64.3
1544,Kabupaten Aceh Singkil,Aceh,2024,87.1
1545,Kabupaten Aceh Selatan,Aceh,2024,74.6
1546,Kabupaten Aceh Tenggara,Aceh,2024,83
1547,Kabupaten Aceh Timur,Aceh,2024,80.2
1548,Kabupaten Aceh Tengah,Aceh,2024,87.1
1549,Kabupaten Aceh Barat,Aceh,2024,86.6
1550,Kabupaten Aceh Besar,Aceh,2024,81.4
1551,Kabupaten Pidie,Aceh,2024,72.5
1552,Kabupaten Bireuen,Aceh,2024,78
1553,Kabupaten Aceh Utara,Aceh,2024,73.3
1554,Kabupaten Aceh Barat Daya,Aceh,2024,78.4
1555,Kabupaten Gayo Lues,Aceh,2024,94.3
1556,Kabupaten Aceh Tamiang,Aceh,2024,85.3
1557,Kabupaten Nagan Raya,Aceh,2024,98.4
1558,Kabupaten Aceh Jaya,Aceh,2024,86.3
1559,Kabupaten Bener Meriah,Aceh,2024,94.5
1560,Kabupaten Pidie Jaya,Aceh,2024,82.2
1561,Kota Banda Aceh,Aceh,2024,84.4
1562,Kota Sabang,Aceh,2024,87.4
1563,Kota Langsa,Aceh,2024,82.2
1564,Kota Lhokseumawe,Aceh,2024,86.1
1565,Kota Subulussalam,Aceh,2024,78
1566,Kabupaten Nias,Sumatera Utara,2024,81.9
1567,Kabupaten Mandailing Natal,Sumatera Utara,2024,80.6
1568,Kabupaten Tapanuli Selatan,Sumatera Utara,2024,83.1
1569,Kabupaten Tapanuli Tengah,Sumatera Utara,2024,81.3
1570,Kabupaten Tapanuli Utara,Sumatera Utara,2024,87.2
1571,Kabupaten Toba Samosir,Sumatera Utara,2024,92.3
1572,Kabupaten Labuhan Batu,Sumatera Utara,2024,87.7
1573,Kabupaten Asahan,Sumatera Utara,2024,90.6
1574,Kabupaten Simalungun,Sumatera Utara,2024,86.7
1575,Kabupaten Dairi,Sumatera Utara,2024,86.4
1576,Kabupaten Karo,Sumatera Utara,2024,92.4
1577,Kabupaten Deli Serdang,Sumatera Utara,2024,89.6
1578,Kabupaten Langkat,Sumatera Utara,2024,86.2
1579,Kabupaten Nias Selatan,Sumatera Utara,2024,79.2
1580,Kabupaten Humbang Hasundutan,Sumatera Utara,2024,92
1581,Kabupaten Pakpak Bharat,Sumatera Utara,2024,85.7
1582,Kabupaten Samosir,Sumatera Utara,2024,92.9
1583,Kabupaten Serdang Bedagai,Sumatera Utara,2024,86.3
1584,Kabupaten Batu Bara,Sumatera Utara,2024,81.1
1585,Kabupaten Padang Lawas Utara,Sumatera Utara,2024,84.3
1586,Kabupaten Padang Lawas,Sumatera Utara,2024,88.6
1587,Kabupaten Labuhan Batu Selatan,Sumatera Utara,2024,85.7
1588,Kabupaten Labuhan Batu Utara,Sumatera Utara,2024,88.4
1589,Kabupaten Nias Utara,Sumatera Utara,2024,73.2
1590,Kabupaten Nias Barat,Sumatera Utara,2024,72.2
1591,Kota Sibolga,Sumatera Utara,2024,79.3
1592,Kota Tanjung Balai,Sumatera Utara,2024,91.9
1593,Kota Pematang Siantar,Sumatera Utara,2024,87.5
1594,Kota Tebing Tinggi,Sumatera Utara,2024,93
1595,Kota Medan,Sumatera Utara,2024,88.8
1596,Kota Binjai,Sumatera Utara,2024,90.4
1597,Kota Padangsidimpuan,Sumatera Utara,2024,93.6
1598,Kota Gunungsitoli,Sumatera Utara,2024,73.4
1599,Kabupaten Kepulauan Mentawai,Sumatera Barat,2024,84.3
1600,Kabupaten Pesisir Selatan,Sumatera Barat,2024,88.2
1601,Kabupaten Solok ka,Sumatera Barat,2024,87.5
1602,Kabupaten Sijunjung,Sumatera Barat,2024,85.5
1603,Kabupaten Tanah Datar,Sumatera Barat,2024,86.4
1604,Kabupaten Padang Pariaman,Sumatera Barat,2024,80
1605,Kabupaten Agam,Sumatera Barat,2024,81
1606,Kabupaten Lima puluh Kota,Sumatera Barat,2024,90.9
1607,Kabupaten Pasaman,Sumatera Barat,2024,85.1
1608,Kabupaten Solok Selatan,Sumatera Barat,2024,92.3
1609,Kabupaten Dharmasraya,Sumatera Barat,2024,92.6
1610,Kabupaten Pasaman Barat,Sumatera Barat,2024,85.4
1611,Kota Padang,Sumatera Barat,2024,87.1
1612,Kota Solok ko,Sumatera Barat,2024,90
1613,Kota Sawah Lunto,Sumatera Barat,2024,89.7
1614,Kota Padang Panjang,Sumatera Barat,2024,85.2
1615,Kota Bukittinggi,Sumatera Barat,2024,87.3
1616,Kota Payakumbuh,Sumatera Barat,2024,88.5
1617,Kota Pariaman,Sumatera Barat,2024,90.2
1618,Kabupaten Kuantan Singingi,Riau,2024,89.4
1619,Kabupaten Indragiri Hulu,Riau,2024,85.6
1620,Kabupaten Indragiri Hilir,Riau,2024,86.3
1621,Kabupaten Pelalawan,Riau,2024,90.9
1622,Kabupaten Siak,Riau,2024,90.4
1623,Kabupaten Kampar,Riau,2024,84.8
1624,Kabupaten Rokan Hulu,Riau,2024,91
1625,Kabupaten Bengkalis,Riau,2024,90.3
1626,Kabupaten Rokan Hilir,Riau,2024,86.9
1627,Kabupaten Kepulauan Meranti,Riau,2024,83.6
1628,Kota Pekanbaru,Riau,2024,82.7
1629,Kota Dumai,Riau,2024,83.7
1630,Kabupaten Kerinci,Jambi,2024,91.6
1631,Kabupaten Merangin,Jambi,2024,88.2
1632,Kabupaten Sarolangun,Jambi,2024,88.9
1633,Kabupaten Batang Hari,Jambi,2024,91.1
1634,Kabupaten Muaro Jambi,Jambi,2024,93.9
1635,Kabupaten Tanjung Jabung Timur,Jambi,2024,93.5
1636,Kabupaten Tanjung Jabung Barat,Jambi,2024,93.2
1637,Kabupaten Tebo,Jambi,2024,90.1
1638,Kabupaten Bungo,Jambi,2024,92.6
1639,Kota Jambi,Jambi,2024,90.3
1640,Kota Sungai Penuh,Jambi,2024,85.5
1641,Kabupaten Ogan Komering Ulu,Sumatera Selatan,2024,88.4
1642,Kabupaten Ogan Komering Ilir,Sumatera Selatan,2024,95.2
1643,Kabupaten Muara Enim,Sumatera Selatan,2024,94.5
1644,Kabupaten Lahat,Sumatera Selatan,2024,93.2
1645,Kabupaten Musi Rawas,Sumatera Selatan,2024,95.4
1646,Kabupaten Musi Banyuasin,Sumatera Selatan,2024,92.8
1647,Kabupaten Banyuasin,Sumatera Selatan,2024,95.4
1648,Kabupaten Ogan Komering Ulu Selatan,Sumatera Selatan,2024,87.5
1649,Kabupaten Ogan Komering Ulu Timur,Sumatera Selatan,2024,95.5
1650,Kabupaten Ogan Ilir,Sumatera Selatan,2024,94
1651,Kabupaten Empat Lawang,Sumatera Selatan,2024,90.6
1652,Kabupaten Penukal Abab Lematang Ilir,Sumatera Selatan,2024,92.1
1653,Kabupaten Musi Rawas Utara,Sumatera Selatan,2024,92.6
1654,Kota Palembang,Sumatera Selatan,2024,92.7
1655,Kota Prabumulih,Sumatera Selatan,2024,89.2
1656,Kota Pagar Alam,Sumatera Selatan,2024,94.2
1657,Kota Lubuklinggau,Sumatera Selatan,2024,92.4
1658,Kabupaten Bengkulu Selatan,Bengkulu,2024,91.6
1659,Kabupaten Rejang Lebong,Bengkulu,2024,86.5
1660,Kabupaten Bengkulu Utara,Bengkulu,2024,89.5
1661,Kabupaten Kaur,Bengkulu,2024,83.4
1662,Kabupaten Seluma,Bengkulu,2024,88.6
1663,Kabupaten Mukomuko,Bengkulu,2024,89
1664,Kabupaten Lebong,Bengkulu,2024,87.2
1665,Kabupaten Kepahiang,Bengkulu,2024,86.1
1666,Kabupaten Bengkulu Tengah,Bengkulu,2024,92.2
1667,Kota Bengkulu,Bengkulu,2024,89.3
"1668,Kabupaten Lampung Barat,Lampung,2024,""87,00"""
1669,Kabupaten Tanggamus,Lampung,2024,87.5
1670,Kabupaten Lampung Selatan,Lampung,2024,92.8
1671,Kabupaten Lampung Timur,Lampung,2024,89.8
1672,Kabupaten Lampung Tengah,Lampung,2024,93.7
1673,Kabupaten Lampung Utara,Lampung,2024,85.2
1674,Kabupaten Way Kanan,Lampung,2024,91.7
1675,Kabupaten Tulang Bawang,Lampung,2024,89.6
1676,Kabupaten Pesawaran,Lampung,2024,93.2
1677,Kabupaten Pringsewu,Lampung,2024,89.8
1678,Kabupaten Mesuji,Lampung,2024,90.1
1679,Kabupaten Tulang Bawang Barat,Lampung,2024,86.7
1680,Kabupaten Pesisir Barat,Lampung,2024,87.6
1681,Kota Bandar Lampung,Lampung,2024,90.2
1682,Kota Metro,Lampung,2024,92.2
1683,Kabupaten Bangka,Kepulauan Bangka Belitung,2024,90.5
1684,Kabupaten Belitung,Kepulauan Bangka Belitung,2024,87.2
1685,Kabupaten Bangka Barat,Kepulauan Bangka Belitung,2024,88.9
1686,Kabupaten Bangka Tengah,Kepulauan Bangka Belitung,2024,90.3
1687,Kabupaten Bangka Selatan,Kepulauan Bangka Belitung,2024,90.3
1688,Kabupaten Belitung Timur,Kepulauan Bangka Belitung,2024,85.3
1689,Kota Pangkal Pinang,Kepulauan Bangka Belitung,2024,89.7
1690,Kabupaten Karimun,Kepulauan Riau,2024,86.9
1691,Kabupaten Bintan,Kepulauan Riau,2024,88.6
1692,Kabupaten Natuna,Kepulauan Riau,2024,88.1
1693,Kabupaten Lingga,Kepulauan Riau,2024,85.2
1694,Kabupaten Kepulauan Anambas,Kepulauan Riau,2024,80.7
1695,Kota Batam,Kepulauan Riau,2024,89.1
1696,Kota Tanjung Pinang,Kepulauan Riau,2024,90.6
1697,Kabupaten Kepulauan Seribu,DKI Jakarta,2024,80.7
1698,Kota Jakarta Selatan,DKI Jakarta,2024,93.6
1699,Kota Jakarta Timur,DKI Jakarta,2024,91.6
1700,Kota Jakarta Pusat,DKI Jakarta,2024,88.6
1701,Kota Jakarta Barat,DKI Jakarta,2024,87.8
1702,Kota Jakarta Utara,DKI Jakarta,2024,93.4
1703,Kabupaten Bogor Ka,Jawa Barat,2024,87.1
1704,Kabupaten Sukabumi ka,Jawa Barat,2024,90.4
1705,Kabupaten Cianjur,Jawa Barat,2024,91.8
1706,Kabupaten Bandung Ka,Jawa Barat,2024,85.1
1707,Kabupaten Garut,Jawa Barat,2024,91.5
1708,Kabupaten Tasikmalaya ka,Jawa Barat,2024,88.5
1709,Kabupaten Ciamis,Jawa Barat,2024,95.1
1710,Kabupaten Kuningan,Jawa Barat,2024,92.6
"1711,Kabupaten Cirebon Ka,Jawa Barat,2024,""94,00"""
1712,Kabupaten Majalengka,Jawa Barat,2024,94.3
1713,Kabupaten Sumedang,Jawa Barat,2024,92.5
1714,Kabupaten Indramayu,Jawa Barat,2024,95.8
1715,Kabupaten Subang,Jawa Barat,2024,92.6
1716,Kabupaten Purwakarta,Jawa Barat,2024,88.1
1717,Kabupaten Karawang,Jawa Barat,2024,92.3
1718,Kabupaten Bekasi Ka,Jawa Barat,2024,88.2
1719,Kabupaten Bandung Barat,Jawa Barat,2024,87.7
1720,Kabupaten Pangandaran,Jawa Barat,2024,94.9
1721,Kota Bogor Ko,Jawa Barat,2024,85.9
1722,Kota Sukabumi ko,Jawa Barat,2024,91.9
1723,Kota Bandung Ko,Jawa Barat,2024,91
1724,Kota Cirebon Ko,Jawa Barat,2024,92.6
1725,Kota Bekasi Ko,Jawa Barat,2024,91.5
1726,Kota Depok,Jawa Barat,2024,89.9
1727,Kota Cimahi,Jawa Barat,2024,90.3
1728,Kota Tasikmalaya ko,Jawa Barat,2024,93.7
1729,Kota Banjar,Jawa Barat,2024,95.3
1730,Kabupaten Cilacap,Jawa Tengah,2024,87.9
1731,Kabupaten Banyumas,Jawa Tengah,2024,92.6
1732,Kabupaten  Purbalingga,Jawa Tengah,2024,90.3
1733,Kabupaten Banjarnegara,Jawa Tengah,2024,93.9
1734,Kabupaten Kebumen,Jawa Tengah,2024,93.1
1735,Kabupaten Purworejo,Jawa Tengah,2024,90.9
1736,Kabupaten Wonosobo,Jawa Tengah,2024,96.1
"1737,Kabupaten Magelang ka,Jawa Tengah,2024,""88,00"""
1738,Kabupaten Boyolali,Jawa Tengah,2024,89.6
1739,Kabupaten Klaten,Jawa Tengah,2024,92.8
1740,Kabupaten Sukoharjo,Jawa Tengah,2024,90
1741,Kabupaten Wonogiri,Jawa Tengah,2024,92.8
1742,Kabupaten Karanganyar,Jawa Tengah,2024,97.4
1743,Kabupaten Sragen,Jawa Tengah,2024,96.6
1744,Kabupaten Grobogan,Jawa Tengah,2024,93.9
1745,Kabupaten Blora,Jawa Tengah,2024,90.3
1746,Kabupaten Rembang,Jawa Tengah,2024,94.8
1747,Kabupaten Pati,Jawa Tengah,2024,92.9
1748,Kabupaten Kudus,Jawa Tengah,2024,93.5
1749,Kabupaten Jepara,Jawa Tengah,2024,89.6
1750,Kabupaten Demak,Jawa Tengah,2024,94.4
1751,Kabupaten Semarang ka,Jawa Tengah,2024,93.1
1752,Kabupaten Temanggung,Jawa Tengah,2024,89.4
1753,Kabupaten Kendal,Jawa Tengah,2024,95.8
1754,Kabupaten Batang,Jawa Tengah,2024,97.4
1755,Kabupaten Pekalongan ka,Jawa Tengah,2024,95.5
1756,Kabupaten Pemalang,Jawa Tengah,2024,95.5
1757,Kabupaten Tegal ka,Jawa Tengah,2024,87.4
1758,Kabupaten Brebes,Jawa Tengah,2024,90.4
1759,Kota Magelang ko,Jawa Tengah,2024,86.1
1760,Kota Surakarta,Jawa Tengah,2024,92.6
1761,Kota Salatiga,Jawa Tengah,2024,91.6
1762,Kota Semarang ko,Jawa Tengah,2024,92.2
1763,Kota Pekalongan ko,Jawa Tengah,2024,92.1
1764,Kota Tegal ko,Jawa Tengah,2024,91.7
1765,Kabupaten Kulon Progo,DI Yogyakarta,2024,88
1766,Kabupaten Bantul,DI Yogyakarta,2024,95.8
1767,Kabupaten Gunung Kidul,DI Yogyakarta,2024,91.4
1768,Kabupaten Sleman,DI Yogyakarta,2024,95.2
1769,Kabupaten Yogyakarta,DI Yogyakarta,2024,91.2
1770,Kabupaten Pacitan,Jawa Timur,2024,91.9
1771,Kabupaten Ponorogo,Jawa Timur,2024,89.7
1772,Kabupaten Trenggalek,Jawa Timur,2024,88.6
1773,Kabupaten Tulungagung,Jawa Timur,2024,91
1774,Kabupaten Blitar ka,Jawa Timur,2024,89.2
1775,Kabupaten Kediri ka,Jawa Timur,2024,91.2
1776,Kabupaten Malang ka,Jawa Timur,2024,90.1
1777,Kabupaten Lumajang,Jawa Timur,2024,94.7
1778,Kabupaten Jember,Jawa Timur,2024,92.5
1779,Kabupaten Banyuwangi,Jawa Timur,2024,96.7
1780,Kabupaten Bondowoso,Jawa Timur,2024,88.3
1781,Kabupaten Situbondo,Jawa Timur,2024,92.3
1782,Kabupaten Probolinggo ka,Jawa Timur,2024,85.7
1783,Kabupaten Pasuruan ka,Jawa Timur,2024,89.4
1784,Kabupaten Sidoarjo,Jawa Timur,2024,89.4
1785,Kabupaten Mojokerto ka,Jawa Timur,2024,89.4
1786,Kabupaten Jombang,Jawa Timur,2024,94.3
1787,Kabupaten Nganjuk,Jawa Timur,2024,95.5
1788,Kabupaten Madiun ka,Jawa Timur,2024,93.4
1789,Kabupaten Magetan,Jawa Timur,2024,92.7
"1790,Kabupaten Ngawi,Jawa Timur,2024,""98,00"""
1791,Kabupaten Bojonegoro,Jawa Timur,2024,88.8
1792,Kabupaten Tuban,Jawa Timur,2024,91.6
1793,Kabupaten Lamongan,Jawa Timur,2024,90.2
1794,Kabupaten Gresik,Jawa Timur,2024,93.6
1795,Kabupaten Bangkalan,Jawa Timur,2024,77
1796,Kabupaten Sampang,Jawa Timur,2024,74
1797,Kabupaten Pamekasan,Jawa Timur,2024,71.2
1798,Kabupaten Sumenep,Jawa Timur,2024,98.3
1799,Kota Kediri ko,Jawa Timur,2024,94.8
1800,Kota Blitar ko,Jawa Timur,2024,87.1
1801,Kota Malang ko,Jawa Timur,2024,89.5
1802,Kota Probolinggo ko,Jawa Timur,2024,84.7
1803,Kota Pasuruan ko,Jawa Timur,2024,94.8
1804,Kota Mojokerto ko,Jawa Timur,2024,89.7
1805,Kota Madiun ko,Jawa Timur,2024,95
1806,Kota Surabaya,Jawa Timur,2024,95.4
1807,Kota Batu,Jawa Timur,2024,87.5
1808,Kabupaten Pandeglang,Banten,2024,80.4
1809,Kabupaten Lebak,Banten,2024,93.2
1810,Kabupaten Tangerang Ka,Banten,2024,89.4
1811,Kabupaten Serang Ka,Banten,2024,88.9
1812,Kota Tangerang Ko,Banten,2024,93.8
1813,Kota Cilegon,Banten,2024,90.9
1814,Kota Serang Ko,Banten,2024,90.9
1815,Kota Tangerang Selatan,Banten,2024,91.7
1816,Kabupaten Jembrana,Bali,2024,92.5
1817,Kabupaten Tabanan,Bali,2024,91.4
1818,Kabupaten Badung,Bali,2024,92.2
1819,Kabupaten Gianyar,Bali,2024,92.6
1820,Kabupaten Klungkung,Bali,2024,89.7
1821,Kabupaten Bangli,Bali,2024,93
1822,Kabupaten Karangasem,Bali,2024,87.9
1823,Kabupaten Buleleng,Bali,2024,91.7
1824,Kota Denpasar,Bali,2024,90.9
1825,Kabupaten Lombok Barat,Nusa Tenggara Barat,2024,92.9
1826,Kabupaten Lombok Tengah,Nusa Tenggara Barat,2024,93.5
1827,Kabupaten Lombok Timur,Nusa Tenggara Barat,2024,95.3
"1828,Kabupaten Sumbawa,Nusa Tenggara Barat,2024,""86,00"""
1829,Kabupaten Dompu,Nusa Tenggara Barat,2024,87.7
1830,Kabupaten Bima ka,Nusa Tenggara Barat,2024,79.7
1831,Kabupaten Sumbawa Barat,Nusa Tenggara Barat,2024,90
1832,Kabupaten Lombok Utara,Nusa Tenggara Barat,2024,95
1833,Kota Mataram,Nusa Tenggara Barat,2024,94.7
1834,Kota Bima ko,Nusa Tenggara Barat,2024,88.7
1835,Kabupaten Sumba Barat,Nusa Tenggara Timur,2024,67
1836,Kabupaten Sumba Timur,Nusa Tenggara Timur,2024,71.3
1837,Kabupaten Kupang ka,Nusa Tenggara Timur,2024,70.9
1838,Kabupaten Timor Tengah Selatan,Nusa Tenggara Timur,2024,75.9
1839,Kabupaten Timor Tengah Utara,Nusa Tenggara Timur,2024,80.1
1840,Kabupaten Belu,Nusa Tenggara Timur,2024,72.9
1841,Kabupaten Alor,Nusa Tenggara Timur,2024,75.5
1842,Kabupaten Lembata,Nusa Tenggara Timur,2024,69.3
1843,Kabupaten Flores Timur,Nusa Tenggara Timur,2024,70.9
1844,Kabupaten Sikka,Nusa Tenggara Timur,2024,78.6
1845,Kabupaten Ende,Nusa Tenggara Timur,2024,68.8
1846,Kabupaten Ngada,Nusa Tenggara Timur,2024,82.3
1847,Kabupaten Manggarai,Nusa Tenggara Timur,2024,78.8
1848,Kabupaten Rote Ndao,Nusa Tenggara Timur,2024,55.5
1849,Kabupaten Manggarai Barat,Nusa Tenggara Timur,2024,70.5
1850,Kabupaten Sumba Tengah,Nusa Tenggara Timur,2024,67.7
1851,Kabupaten Sumba Barat Daya,Nusa Tenggara Timur,2024,66.2
"1852,Kabupaten Nagekeo,Nusa Tenggara Timur,2024,""66,00"""
1853,Kabupaten Manggarai Timur,Nusa Tenggara Timur,2024,63
1854,Kabupaten Sabu Raijua,Nusa Tenggara Timur,2024,70
1855,Kabupaten Malaka,Nusa Tenggara Timur,2024,78.3
1856,Kota Kupang ko,Nusa Tenggara Timur,2024,76.7
1857,Kabupaten Sambas,Kalimantan Barat,2024,81.5
1858,Kabupaten Bengkayang,Kalimantan Barat,2024,84.6
1859,Kabupaten Landak,Kalimantan Barat,2024,84.5
1860,Kabupaten Mempawah,Kalimantan Barat,2024,86.7
1861,Kabupaten Sanggau,Kalimantan Barat,2024,79.9
1862,Kabupaten Ketapang,Kalimantan Barat,2024,87.2
1863,Kabupaten Sintang,Kalimantan Barat,2024,85.2
1864,Kabupaten Kapuas Hulu,Kalimantan Barat,2024,82.8
1865,Kabupaten Sekadau,Kalimantan Barat,2024,84.5
1866,Kabupaten Melawi,Kalimantan Barat,2024,81.9
1867,Kabupaten Kayong Utara,Kalimantan Barat,2024,87.4
1868,Kabupaten Kubu Raya,Kalimantan Barat,2024,84.9
1869,Kota Pontianak ko,Kalimantan Barat,2024,88.6
1870,Kota Singkawang,Kalimantan Barat,2024,86.1
1871,Kabupaten Kotawaringin Barat,Kalimantan Tengah,2024,95.3
1872,Kabupaten Kotawaringin Timur,Kalimantan Tengah,2024,90.7
1873,Kabupaten Kapuas,Kalimantan Tengah,2024,87.4
1874,Kabupaten Barito Selatan,Kalimantan Tengah,2024,92.1
1875,Kabupaten Barito Utara,Kalimantan Tengah,2024,86.3
1876,Kabupaten Sukamara,Kalimantan Tengah,2024,91.8
1877,Kabupaten Lamandau,Kalimantan Tengah,2024,93.3
1878,Kabupaten Seruyan,Kalimantan Tengah,2024,86.2
1879,Kabupaten Katingan,Kalimantan Tengah,2024,86.9
1880,Kabupaten Pulang Pisau,Kalimantan Tengah,2024,94.5
1881,Kabupaten Gunung Mas,Kalimantan Tengah,2024,84.5
1882,Kabupaten Barito Timur,Kalimantan Tengah,2024,92.6
1883,Kabupaten Murung Raya,Kalimantan Tengah,2024,82.9
1884,Kota Palangka Raya,Kalimantan Tengah,2024,87.7
1885,Kabupaten Tanah Laut,Kalimantan Selatan,2024,88.5
1886,Kabupaten Kota Baru,Kalimantan Selatan,2024,92.1
1887,Kabupaten Banjar,Kalimantan Selatan,2024,91.5
1888,Kabupaten Barito Kuala,Kalimantan Selatan,2024,90.4
1889,Kabupaten Tapin,Kalimantan Selatan,2024,93.2
1890,Hulu Sungai Selatan,Kalimantan Selatan,2024,92.8
1891,Hulu Sungai Tengah,Kalimantan Selatan,2024,92.2
1892,Hulu Sungai Utara,Kalimantan Selatan,2024,91.3
1893,Kabupaten Tabalong,Kalimantan Selatan,2024,92.7
1894,Kabupaten Tanah Bumbu,Kalimantan Selatan,2024,94.2
1895,Kabupaten Balangan,Kalimantan Selatan,2024,91.6
1896,Kota Banjarmasin,Kalimantan Selatan,2024,89.4
1897,Kota Banjar Baru,Kalimantan Selatan,2024,88.6
1898,Kabupaten Paser,Kalimantan Timur,2024,87.6
1899,Kabupaten Kutai Barat,Kalimantan Timur,2024,88.9
1900,Kabupaten Kutai Kertanegara,Kalimantan Timur,2024,93.8
1901,Kabupaten Kutai Timur,Kalimantan Timur,2024,86.8
1902,Kabupaten Berau,Kalimantan Timur,2024,85.7
1903,Kabupaten Penajam Paser Utara,Kalimantan Timur,2024,90
1904,Kabupaten Mahakam Ulu,Kalimantan Timur,2024,80.8
1905,Kota Balikpapan,Kalimantan Timur,2024,87.4
1906,Kota Samarinda,Kalimantan Timur,2024,87.3
1907,Kota Bontang,Kalimantan Timur,2024,86.1
1908,Kabupaten Malinau,Kalimantan Timur,2024,84.2
1909,Kabupaten Bulungan,Kalimantan Timur,2024,89.9
1910,Kabupaten Tana Tidung,Kalimantan Timur,2024,80.5
1911,Kabupaten Nunukan,Kalimantan Timur,2024,82
1912,Kota Tarakan,Kalimantan Timur,2024,77.7
1913,Kabupaten Bolaang Mongondow,Sulawesi Utara,2024,90.9
1914,Kabupaten Minahasa,Sulawesi Utara,2024,91.4
1915,Kabupaten Kepulauan Sangihe,Sulawesi Utara,2024,76
1916,Kabupaten Kepulauan Talaud,Sulawesi Utara,2024,71.5
1917,Kabupaten Minahasa Selatan,Sulawesi Utara,2024,85.8
1918,Kabupaten Minahasa Utara,Sulawesi Utara,2024,86.4
1919,Kabupaten Bolaang Mongondow Utara,Sulawesi Utara,2024,80
1920,Kabupaten Siau Tagulandang Biaro,Sulawesi Utara,2024,77.2
1921,Kabupaten Minahasa Tenggara,Sulawesi Utara,2024,82.1
1922,Kabupaten Bolaang Mongondow Selatan,Sulawesi Utara,2024,77.7
1923,Kabupaten Bolaang Mongondow Timur,Sulawesi Utara,2024,86.5
1924,Kota Manado,Sulawesi Utara,2024,81.2
1925,Kota Bitung,Sulawesi Utara,2024,89.3
1926,Kota Tomohon,Sulawesi Utara,2024,89.9
1927,Kota Kotamobagu,Sulawesi Utara,2024,91.1
1928,Kabupaten Banggai Kepulauan,Sulawesi Tengah,2024,81
1929,Kabupaten Banggai,Sulawesi Tengah,2024,90.8
1930,Kabupaten Morowali,Sulawesi Tengah,2024,83.6
1931,Kabupaten Poso,Sulawesi Tengah,2024,86.4
1932,Kabupaten Donggala,Sulawesi Tengah,2024,86.5
1933,Kabupaten Toli-Toli,Sulawesi Tengah,2024,75.1
1934,Kabupaten Buol,Sulawesi Tengah,2024,84
1935,Kabupaten Parigi Moutong,Sulawesi Tengah,2024,84.7
1936,Kabupaten Tojo Una-Una,Sulawesi Tengah,2024,78.7
1937,Kabupaten Sigi,Sulawesi Tengah,2024,80.2
1938,Banggai Laut,Sulawesi Tengah,2024,73.4
1939,Kabupaten Morowali Utara,Sulawesi Tengah,2024,91.8
1940,Kota Palu,Sulawesi Tengah,2024,81.7
1941,Kabupaten Kepulauan Selayar,Sulawesi Selatan,2024,77.5
1942,Kabupaten Bulukumba,Sulawesi Selatan,2024,89.2
1943,Kabupaten Bantaeng,Sulawesi Selatan,2024,87.7
1944,Kabupaten Jeneponto,Sulawesi Selatan,2024,77.3
1945,Kabupaten Takalar,Sulawesi Selatan,2024,91.1
1946,Kabupaten Gowa,Sulawesi Selatan,2024,91.5
1947,Kabupaten Sinjai,Sulawesi Selatan,2024,83.2
1948,Kabupaten Maros,Sulawesi Selatan,2024,85.1
1949,Kabupaten Pangkajene dan Kepulauan,Sulawesi Selatan,2024,91.4
1950,Kabupaten Barru,Sulawesi Selatan,2024,78.5
1951,Kabupaten Bone,Sulawesi Selatan,2024,69.9
1952,Kabupaten Soppeng,Sulawesi Selatan,2024,81.8
1953,Kabupaten Wajo,Sulawesi Selatan,2024,80.9
1954,Kabupaten Sidenreng Rappang,Sulawesi Selatan,2024,88.4
1955,Kabupaten Pinrang,Sulawesi Selatan,2024,87.9
1956,Kabupaten Enrekang,Sulawesi Selatan,2024,89.3
1957,Kabupaten Luwu,Sulawesi Selatan,2024,86.3
1958,Kabupaten Tana Toraja,Sulawesi Selatan,2024,77.1
1959,Kabupaten Luwu Utara,Sulawesi Selatan,2024,93.3
1960,Kabupaten Luwu Timur,Sulawesi Selatan,2024,87.5
1961,Kabupaten Toraja Utara,Sulawesi Selatan,2024,75.4
1962,Kota Makassar,Sulawesi Selatan,2024,89.7
1963,Kota Pare-Pare,Sulawesi Selatan,2024,81.1
1964,Kota Palopo,Sulawesi Selatan,2024,88.4
1965,Kabupaten Buton,Sulawesi Tenggara,2024,82.2
1966,Kabupaten Muna,Sulawesi Tenggara,2024,61.1
1967,Kabupaten Konawe,Sulawesi Tenggara,2024,80.8
1968,Kabupaten Kolaka,Sulawesi Tenggara,2024,89.6
1969,Kabupaten Konawe Selatan,Sulawesi Tenggara,2024,85.2
1970,Kabupaten Bombana,Sulawesi Tenggara,2024,81.7
1971,Kabupaten Wakatobi,Sulawesi Tenggara,2024,76.6
1972,Kabupaten Kolaka Utara,Sulawesi Tenggara,2024,84.1
1973,Kabupaten Buton Utara,Sulawesi Tenggara,2024,73.7
1974,Kabupaten Konawe Utara,Sulawesi Tenggara,2024,85.4
1975,Kabupaten Kolaka Timur,Sulawesi Tenggara,2024,85.6
1976,Kabupaten Konawe Kepulauan,Sulawesi Tenggara,2024,69.9
1977,Kabupaten Muna Barat,Sulawesi Tenggara,2024,74.2
1978,Kabupaten Buton Tengah,Sulawesi Tenggara,2024,62.3
1979,Kabupaten Buton Selatan,Sulawesi Tenggara,2024,85.1
1980,Kota Kendari,Sulawesi Tenggara,2024,90.8
1981,Kota Bau-Bau,Sulawesi Tenggara,2024,67.8
1982,Kabupaten Boalemo,Gorontalo,2024,79.5
1983,Kabupaten Gorontalo Ka,Gorontalo,2024,76.8
1984,Kabupaten Pohuwato,Gorontalo,2024,73.4
1985,Kabupaten Bone Bolango,Gorontalo,2024,77.5
1986,Kabupaten Gorontalo Utara,Gorontalo,2024,69.9
1987,Kota Gorontalo Ko,Gorontalo,2024,79.4
1988,Kabupaten Majene,Sulawesi Barat,2024,78.7
1989,Kabupaten Polewali Mandar,Sulawesi Barat,2024,81.9
1990,Kabupaten Mamasa,Sulawesi Barat,2024,69.8
1991,Kabupaten Mamuju,Sulawesi Barat,2024,80.1
1992,Kabupaten Mamuju Utara,Sulawesi Barat,2024,82.1
1993,Kabupaten Mamuju Tengah,Sulawesi Barat,2024,80.7
1994,Kabupaten Kepulauan Tanimbar,Maluku,2024,63.4
1995,Kabupaten Maluku Tenggara,Maluku,2024,71.9
1996,Kabupaten Maluku Tengah,Maluku,2024,81.4
1997,Kabupaten Buru,Maluku,2024,66.7
1998,Kabupaten Kepulauan Aru,Maluku,2024,61.6
1999,Kabupaten Seram Bagian Barat,Maluku,2024,76.4
2000,Kabupaten Seram Bagian Timur,Maluku,2024,74.4
2001,Kabupaten Maluku Barat Daya,Maluku,2024,83.2
2002,Kabupaten Buru Selatan,Maluku,2024,62.7
2003,Kota Ambon,Maluku,2024,82.7
2004,Kota Tual,Maluku,2024,73.3
2005,Kabupaten Halmahera Barat,Maluku Utara,2024,76.1
2006,Kabupaten Halmahera Tengah,Maluku Utara,2024,75.5
2007,Kabupaten Kepulauan Sula,Maluku Utara,2024,61.9
2008,Kabupaten Halmahera Selatan,Maluku Utara,2024,78.5
2009,Kabupaten Halmahera Utara,Maluku Utara,2024,81
2010,Kabupaten Halmahera Timur,Maluku Utara,2024,78.5
2011,Kabupaten Pulau Morotai,Maluku Utara,2024,75.6
2012,Kabupaten Pulau Taliabu,Maluku Utara,2024,67.2
2013,Kota Ternate,Maluku Utara,2024,88.8
2014,Kota Tidore Kepulauan,Maluku Utara,2024,79.4
2015,Kabupaten Fak-Fak,Papua Barat,2024,75.6
2016,Kabupaten Kaimana,Papua Barat,2024,84.7
2017,Kabupaten Teluk Wondama,Papua Barat,2024,74.7
2018,Kabupaten Teluk Bintuni,Papua Barat,2024,73.9
2019,Kabupaten Manokwari,Papua Barat,2024,79.8
2020,Kabupaten Manokwari Selatan,Papua Barat,2024,86.3
2021,Kabupaten Pegunungan Arfak,Papua Barat,2024,56.3
2022,Kabupaten Raja Ampat,Papua Barat Daya,2024,77.8
2023,Kabupaten Sorong ka,Papua Barat Daya,2024,81.2
2024,Kabupaten Sorong Selatan,Papua Barat Daya,2024,62.9
2025,Kabupaten Maybrat,Papua Barat Daya,2024,84.5
2026,Kabupaten Tambrauw,Papua Barat Daya,2024,75.1
2027,Kota Sorong ko,Papua Barat Daya,2024,82.4
2028,Kabupaten Jayapura ka,Papua,2024,86.9
2029,Kabupaten Kepulauan Yapen,Papua,2024,84.3
2030,Kabupaten Biak Numfor,Papua,2024,66.1
2031,Kabupaten Sarmi,Papua,2024,78.7
2032,Kabupaten Keerom,Papua,2024,78.1
2033,Kabupaten Waropen,Papua,2024,60.5
2034,Kabupaten Supiori,Papua,2024,74.8
2035,Kabupaten Mamberamo Raya,Papua,2024,85.8
2036,Kota Jayapura ko,Papua,2024,74.5
2037,Kabupaten Merauke,Papua Selatan,2024,88.2
2038,Kabupaten Boven Digoel,Papua Selatan,2024,75.7
2039,Kabupaten Mappi,Papua Selatan,2024,59
2040,Kabupaten Asmat,Papua Selatan,2024,67.8
2041,Kabupaten Mimika,Papua Tengah,2024,73.8
2042,Kabupaten Dogiyai,Papua Tengah,2024,81.5
2043,Kabupaten Deiyai,Papua Tengah,2024,67.1
2044,Kabupaten Nabire,Papua Tengah,2024,78
2045,Kabupaten Paniai,Papua Tengah,2024,63.9
2046,Kabupaten Intan Jaya,Papua Tengah,2024,66.9
2047,Kabupaten Puncak,Papua Tengah,2024,43
2048,Kabupaten Puncak Jaya,Papua Tengah,2024,88.5
2049,Kabupaten Nduga,Papua Pegunungan,2024,51.7
2050,Kabupaten Jayapura ka,Papua Pegunungan,2024,66.9
2051,Kabupaten Lanny Jaya,Papua Pegunungan,2024,68.7
2052,Kabupaten Tolikara,Papua Pegunungan,2024,50.5
2053,Kabupaten Mamberamo Tengah,Papua Pegunungan,2024,53.2
2054,Kabupaten Yalimo,Papua Pegunungan,2024,81.2
2055,Kabupaten Yahukimo,Papua Pegunungan,2024,55.6
2056,Kabupaten Pegunungan Bintang,Papua Pegunungan,2024,72.2
